2026-02-06 00:01:53,737 - mmseg - INFO - Multi-processing start method is `None`
2026-02-06 00:01:53,737 - mmseg - INFO - OpenCV num_threads is `<built-in function getNumThreads>
2026-02-06 00:01:53,757 - mmseg - INFO - Environment info:
------------------------------------------------------------
sys.platform: linux
Python: 3.10.19 (main, Oct 21 2025, 16:43:05) [GCC 11.2.0]
CUDA available: True
GPU 0: NVIDIA GeForce RTX 3060
CUDA_HOME: /usr
NVCC: Cuda compilation tools, release 12.0, V12.0.140
GCC: gcc (Ubuntu 13.3.0-6ubuntu2~24.04) 13.3.0
PyTorch: 1.13.1+cu117
PyTorch compiling details: PyTorch built with:
  - GCC 9.3
  - C++ Version: 201402
  - Intel(R) Math Kernel Library Version 2020.0.0 Product Build 20191122 for Intel(R) 64 architecture applications
  - Intel(R) MKL-DNN v2.6.0 (Git Hash 52b5f107dd9cf10910aaa19cb47f3abf9b349815)
  - OpenMP 201511 (a.k.a. OpenMP 4.5)
  - LAPACK is enabled (usually provided by MKL)
  - NNPACK is enabled
  - CPU capability usage: AVX2
  - CUDA Runtime 11.7
  - NVCC architecture flags: -gencode;arch=compute_37,code=sm_37;-gencode;arch=compute_50,code=sm_50;-gencode;arch=compute_60,code=sm_60;-gencode;arch=compute_70,code=sm_70;-gencode;arch=compute_75,code=sm_75;-gencode;arch=compute_80,code=sm_80;-gencode;arch=compute_86,code=sm_86
  - CuDNN 8.5
  - Magma 2.6.1
  - Build settings: BLAS_INFO=mkl, BUILD_TYPE=Release, CUDA_VERSION=11.7, CUDNN_VERSION=8.5.0, CXX_COMPILER=/opt/rh/devtoolset-9/root/usr/bin/c++, CXX_FLAGS= -fabi-version=11 -Wno-deprecated -fvisibility-inlines-hidden -DUSE_PTHREADPOOL -fopenmp -DNDEBUG -DUSE_KINETO -DUSE_FBGEMM -DUSE_QNNPACK -DUSE_PYTORCH_QNNPACK -DUSE_XNNPACK -DSYMBOLICATE_MOBILE_DEBUG_HANDLE -DEDGE_PROFILER_USE_KINETO -O2 -fPIC -Wno-narrowing -Wall -Wextra -Werror=return-type -Werror=non-virtual-dtor -Wno-missing-field-initializers -Wno-type-limits -Wno-array-bounds -Wno-unknown-pragmas -Wunused-local-typedefs -Wno-unused-parameter -Wno-unused-function -Wno-unused-result -Wno-strict-overflow -Wno-strict-aliasing -Wno-error=deprecated-declarations -Wno-stringop-overflow -Wno-psabi -Wno-error=pedantic -Wno-error=redundant-decls -Wno-error=old-style-cast -fdiagnostics-color=always -faligned-new -Wno-unused-but-set-variable -Wno-maybe-uninitialized -fno-math-errno -fno-trapping-math -Werror=format -Werror=cast-function-type -Wno-stringop-overflow, LAPACK_INFO=mkl, PERF_WITH_AVX=1, PERF_WITH_AVX2=1, PERF_WITH_AVX512=1, TORCH_VERSION=1.13.1, USE_CUDA=ON, USE_CUDNN=ON, USE_EXCEPTION_PTR=1, USE_GFLAGS=OFF, USE_GLOG=OFF, USE_MKL=ON, USE_MKLDNN=ON, USE_MPI=OFF, USE_NCCL=ON, USE_NNPACK=ON, USE_OPENMP=ON, USE_ROCM=OFF, 

TorchVision: 0.14.1+cu117
OpenCV: 4.13.0
MMCV: 1.7.0
MMCV Compiler: GCC 9.3
MMCV CUDA Compiler: 11.7
MMSegmentation: 0.24.1+
------------------------------------------------------------

2026-02-06 00:01:53,757 - mmseg - INFO - Distributed training: False
2026-02-06 00:01:54,048 - mmseg - INFO - Config:
norm_cfg = dict(type='SyncBN', requires_grad=True)
ham_norm_cfg = dict(type='GN', num_groups=32, requires_grad=True)
model = dict(
    type='EncoderDecoder',
    pretrained=None,
    backbone=dict(
        type='MSCAN',
        embed_dims=[32, 64, 160, 256],
        mlp_ratios=[8, 8, 4, 4],
        drop_rate=0.0,
        drop_path_rate=0.1,
        depths=[3, 3, 5, 2],
        norm_cfg=dict(type='SyncBN', requires_grad=True),
        init_cfg=dict(
            type='Pretrained',
            checkpoint='pretrained/segnext_tiny_512x512_ade_160k.pth')),
    decode_head=dict(
        type='LightHamHead',
        in_channels=[64, 160, 256],
        in_index=[1, 2, 3],
        channels=256,
        ham_channels=256,
        dropout_ratio=0.1,
        num_classes=2,
        norm_cfg=dict(type='GN', num_groups=32, requires_grad=True),
        align_corners=False,
        loss_decode=[
            dict(
                type='CrossEntropyLoss',
                use_sigmoid=False,
                loss_weight=3.0,
                class_weight=[0.7, 0.3],
                avg_non_ignore=True),
            dict(
                type='FocalLoss',
                loss_name='loss_focal',
                class_weight=[3, 7],
                loss_weight=1.0)
        ],
        ham_kwargs=dict(MD_R=16)),
    train_cfg=dict(),
    test_cfg=dict(mode='whole'))
dataset_type = 'CustomDataset'
data_root = '/media/yaogan103/5C6410CF6410AE30/SegNext_0204/datasets/data'
img_norm_cfg = dict(mean=[0, 0, 0], std=[255.0, 255.0, 255.0], to_rgb=True)
crop_size = (512, 512)
train_pipeline = [
    dict(type='LoadImageFromFile'),
    dict(type='LoadAnnotations'),
    dict(type='Resize', img_scale=(512, 512), keep_ratio=True),
    dict(
        type='CUSTAM_AUG',
        crack_dir=
        '/media/yaogan103/5C6410CF6410AE30/SegNext_0204/datasets/crackset/images',
        max_crack_num=5,
        paste_crack=True,
        image_shape=(512, 512),
        prob=0.5),
    dict(type='RandomFlip', prob=0.5),
    dict(type='AdjustGamma'),
    dict(
        type='Normalize',
        mean=[0, 0, 0],
        std=[255.0, 255.0, 255.0],
        to_rgb=True),
    dict(type='DefaultFormatBundle'),
    dict(type='Collect', keys=['img', 'gt_semantic_seg'])
]
test_pipeline = [
    dict(type='LoadImageFromFile'),
    dict(
        type='MultiScaleFlipAug',
        img_scale=(512, 512),
        flip=False,
        transforms=[
            dict(type='Resize', keep_ratio=True),
            dict(type='ResizeToMultiple', size_divisor=32),
            dict(type='RandomFlip'),
            dict(
                type='Normalize',
                mean=[0, 0, 0],
                std=[255.0, 255.0, 255.0],
                to_rgb=True),
            dict(type='ImageToTensor', keys=['img']),
            dict(type='Collect', keys=['img'])
        ])
]
data = dict(
    samples_per_gpu=12,
    workers_per_gpu=2,
    train=dict(
        type='RepeatDataset',
        times=50,
        dataset=dict(
            type='CustomDataset',
            data_root=
            '/media/yaogan103/5C6410CF6410AE30/SegNext_0204/datasets/data',
            img_dir='images/train',
            ann_dir='labels/train',
            pipeline=[
                dict(type='LoadImageFromFile'),
                dict(type='LoadAnnotations'),
                dict(type='Resize', img_scale=(512, 512), keep_ratio=True),
                dict(
                    type='CUSTAM_AUG',
                    crack_dir=
                    '/media/yaogan103/5C6410CF6410AE30/SegNext_0204/datasets/crackset/images',
                    max_crack_num=5,
                    paste_crack=True,
                    image_shape=(512, 512),
                    prob=0.5),
                dict(type='RandomFlip', prob=0.5),
                dict(type='AdjustGamma'),
                dict(
                    type='Normalize',
                    mean=[0, 0, 0],
                    std=[255.0, 255.0, 255.0],
                    to_rgb=True),
                dict(type='DefaultFormatBundle'),
                dict(type='Collect', keys=['img', 'gt_semantic_seg'])
            ])),
    val=dict(
        type='CustomDataset',
        data_root=
        '/media/yaogan103/5C6410CF6410AE30/SegNext_0204/datasets/data',
        img_dir='images/val',
        ann_dir='labels/val',
        pipeline=[
            dict(type='LoadImageFromFile'),
            dict(
                type='MultiScaleFlipAug',
                img_scale=(512, 512),
                flip=False,
                transforms=[
                    dict(type='Resize', keep_ratio=True),
                    dict(type='ResizeToMultiple', size_divisor=32),
                    dict(type='RandomFlip'),
                    dict(
                        type='Normalize',
                        mean=[0, 0, 0],
                        std=[255.0, 255.0, 255.0],
                        to_rgb=True),
                    dict(type='ImageToTensor', keys=['img']),
                    dict(type='Collect', keys=['img'])
                ])
        ]),
    test=dict(
        type='CustomDataset',
        data_root=
        '/media/yaogan103/5C6410CF6410AE30/SegNext_0204/datasets/data',
        img_dir='images/test',
        ann_dir='labels/test',
        pipeline=[
            dict(type='LoadImageFromFile'),
            dict(
                type='MultiScaleFlipAug',
                img_scale=(512, 512),
                flip=False,
                transforms=[
                    dict(type='Resize', keep_ratio=True),
                    dict(type='ResizeToMultiple', size_divisor=32),
                    dict(type='RandomFlip'),
                    dict(
                        type='Normalize',
                        mean=[0, 0, 0],
                        std=[255.0, 255.0, 255.0],
                        to_rgb=True),
                    dict(type='ImageToTensor', keys=['img']),
                    dict(type='Collect', keys=['img'])
                ])
        ]))
log_config = dict(
    interval=1000, hooks=[dict(type='TextLoggerHook', by_epoch=False)])
dist_params = dict(backend='nccl')
log_level = 'INFO'
load_from = None
resume_from = ''
workflow = [('train', 1)]
cudnn_benchmark = True
optimizer = dict(
    type='AdamW',
    lr=6e-05,
    betas=(0.9, 0.999),
    weight_decay=0.0001,
    paramwise_cfg=dict(
        custom_keys=dict(
            pos_block=dict(decay_mult=0.0),
            norm=dict(decay_mult=0.0),
            head=dict(lr_mult=10.0))))
optimizer_config = dict()
lr_config = dict(
    policy='poly',
    warmup='linear',
    warmup_iters=3000,
    warmup_ratio=1e-06,
    power=1.0,
    min_lr=0.0001,
    by_epoch=False)
runner = dict(type='IterBasedRunner', max_iters=322000)
checkpoint_config = dict(by_epoch=False, interval=15000)
evaluation = dict(interval=1000000, metric='mIoU')
find_unused_parameters = True
work_dir = './work_dirs/sanyi_mianzhen_gauss_sobelconv_512_20260203_finetune'
gpu_ids = [0]
auto_resume = False

2026-02-06 00:01:54,048 - mmseg - INFO - Set random seed to 1737206708, deterministic: False
2026-02-06 00:01:54,554 - mmseg - INFO - initialize MSCAN with init_cfg {'type': 'Pretrained', 'checkpoint': 'pretrained/segnext_tiny_512x512_ade_160k.pth'}
2026-02-06 00:01:54,619 - mmseg - INFO - initialize LightHamHead with init_cfg {'type': 'Normal', 'std': 0.01, 'override': {'name': 'conv_seg'}}
Name of parameter - Initialization information

backbone.patch_embed1.proj.0.weight - torch.Size([16, 16, 3, 3]): 
The value is the same before and after calling `init_weights` of EncoderDecoder  

backbone.patch_embed1.proj.0.bias - torch.Size([16]): 
The value is the same before and after calling `init_weights` of EncoderDecoder  

backbone.patch_embed1.proj.1.weight - torch.Size([16]): 
The value is the same before and after calling `init_weights` of EncoderDecoder  

backbone.patch_embed1.proj.1.bias - torch.Size([16]): 
The value is the same before and after calling `init_weights` of EncoderDecoder  

backbone.patch_embed1.proj.3.weight - torch.Size([32, 16, 3, 3]): 
The value is the same before and after calling `init_weights` of EncoderDecoder  

backbone.patch_embed1.proj.3.bias - torch.Size([32]): 
The value is the same before and after calling `init_weights` of EncoderDecoder  

backbone.patch_embed1.proj.4.weight - torch.Size([32]): 
The value is the same before and after calling `init_weights` of EncoderDecoder  

backbone.patch_embed1.proj.4.bias - torch.Size([32]): 
The value is the same before and after calling `init_weights` of EncoderDecoder  

backbone.patch_embed1.pixel_att.depthwise.weight - torch.Size([3, 1, 3, 3]): 
The value is the same before and after calling `init_weights` of EncoderDecoder  

backbone.patch_embed1.pixel_att.depthwise.bias - torch.Size([3]): 
The value is the same before and after calling `init_weights` of EncoderDecoder  

backbone.patch_embed1.pixel_att.pointwise.weight - torch.Size([64, 3, 1, 1]): 
The value is the same before and after calling `init_weights` of EncoderDecoder  

backbone.patch_embed1.pixel_att.pointwise.bias - torch.Size([64]): 
The value is the same before and after calling `init_weights` of EncoderDecoder  

backbone.patch_embed1.pixel_att.bn.weight - torch.Size([64]): 
The value is the same before and after calling `init_weights` of EncoderDecoder  

backbone.patch_embed1.pixel_att.bn.bias - torch.Size([64]): 
The value is the same before and after calling `init_weights` of EncoderDecoder  

backbone.patch_embed1.pixel_att.depthwise1.weight - torch.Size([64, 1, 3, 3]): 
The value is the same before and after calling `init_weights` of EncoderDecoder  

backbone.patch_embed1.pixel_att.depthwise1.bias - torch.Size([64]): 
The value is the same before and after calling `init_weights` of EncoderDecoder  

backbone.patch_embed1.pixel_att.pointwise1.weight - torch.Size([32, 64, 1, 1]): 
The value is the same before and after calling `init_weights` of EncoderDecoder  

backbone.patch_embed1.pixel_att.pointwise1.bias - torch.Size([32]): 
The value is the same before and after calling `init_weights` of EncoderDecoder  

backbone.patch_embed1.pixel_att.bn1.weight - torch.Size([32]): 
The value is the same before and after calling `init_weights` of EncoderDecoder  

backbone.patch_embed1.pixel_att.bn1.bias - torch.Size([32]): 
The value is the same before and after calling `init_weights` of EncoderDecoder  

backbone.block1.0.layer_scale_1 - torch.Size([32]): 
The value is the same before and after calling `init_weights` of EncoderDecoder  

backbone.block1.0.layer_scale_2 - torch.Size([32]): 
The value is the same before and after calling `init_weights` of EncoderDecoder  

backbone.block1.0.norm1.weight - torch.Size([32]): 
The value is the same before and after calling `init_weights` of EncoderDecoder  

backbone.block1.0.norm1.bias - torch.Size([32]): 
The value is the same before and after calling `init_weights` of EncoderDecoder  

backbone.block1.0.attn.proj_1.weight - torch.Size([32, 32, 1, 1]): 
The value is the same before and after calling `init_weights` of EncoderDecoder  

backbone.block1.0.attn.proj_1.bias - torch.Size([32]): 
The value is the same before and after calling `init_weights` of EncoderDecoder  

backbone.block1.0.attn.spatial_gating_unit.conv0.weight - torch.Size([32, 1, 5, 5]): 
The value is the same before and after calling `init_weights` of EncoderDecoder  

backbone.block1.0.attn.spatial_gating_unit.conv0.bias - torch.Size([32]): 
The value is the same before and after calling `init_weights` of EncoderDecoder  

backbone.block1.0.attn.spatial_gating_unit.conv0_1.weight - torch.Size([32, 1, 1, 7]): 
The value is the same before and after calling `init_weights` of EncoderDecoder  

backbone.block1.0.attn.spatial_gating_unit.conv0_1.bias - torch.Size([32]): 
The value is the same before and after calling `init_weights` of EncoderDecoder  

backbone.block1.0.attn.spatial_gating_unit.conv0_2.weight - torch.Size([32, 1, 7, 1]): 
The value is the same before and after calling `init_weights` of EncoderDecoder  

backbone.block1.0.attn.spatial_gating_unit.conv0_2.bias - torch.Size([32]): 
The value is the same before and after calling `init_weights` of EncoderDecoder  

backbone.block1.0.attn.spatial_gating_unit.conv1_1.weight - torch.Size([32, 1, 1, 11]): 
The value is the same before and after calling `init_weights` of EncoderDecoder  

backbone.block1.0.attn.spatial_gating_unit.conv1_1.bias - torch.Size([32]): 
The value is the same before and after calling `init_weights` of EncoderDecoder  

backbone.block1.0.attn.spatial_gating_unit.conv1_2.weight - torch.Size([32, 1, 11, 1]): 
The value is the same before and after calling `init_weights` of EncoderDecoder  

backbone.block1.0.attn.spatial_gating_unit.conv1_2.bias - torch.Size([32]): 
The value is the same before and after calling `init_weights` of EncoderDecoder  

backbone.block1.0.attn.spatial_gating_unit.conv2_1.weight - torch.Size([32, 1, 1, 21]): 
The value is the same before and after calling `init_weights` of EncoderDecoder  

backbone.block1.0.attn.spatial_gating_unit.conv2_1.bias - torch.Size([32]): 
The value is the same before and after calling `init_weights` of EncoderDecoder  

backbone.block1.0.attn.spatial_gating_unit.conv2_2.weight - torch.Size([32, 1, 21, 1]): 
The value is the same before and after calling `init_weights` of EncoderDecoder  

backbone.block1.0.attn.spatial_gating_unit.conv2_2.bias - torch.Size([32]): 
The value is the same before and after calling `init_weights` of EncoderDecoder  

backbone.block1.0.attn.spatial_gating_unit.conv3.weight - torch.Size([32, 32, 1, 1]): 
The value is the same before and after calling `init_weights` of EncoderDecoder  

backbone.block1.0.attn.spatial_gating_unit.conv3.bias - torch.Size([32]): 
The value is the same before and after calling `init_weights` of EncoderDecoder  

backbone.block1.0.attn.proj_2.weight - torch.Size([32, 32, 1, 1]): 
The value is the same before and after calling `init_weights` of EncoderDecoder  

backbone.block1.0.attn.proj_2.bias - torch.Size([32]): 
The value is the same before and after calling `init_weights` of EncoderDecoder  

backbone.block1.0.norm2.weight - torch.Size([32]): 
The value is the same before and after calling `init_weights` of EncoderDecoder  

backbone.block1.0.norm2.bias - torch.Size([32]): 
The value is the same before and after calling `init_weights` of EncoderDecoder  

backbone.block1.0.mlp.fc1.weight - torch.Size([256, 32, 1, 1]): 
The value is the same before and after calling `init_weights` of EncoderDecoder  

backbone.block1.0.mlp.fc1.bias - torch.Size([256]): 
The value is the same before and after calling `init_weights` of EncoderDecoder  

backbone.block1.0.mlp.dwconv.dwconv.weight - torch.Size([256, 1, 3, 3]): 
The value is the same before and after calling `init_weights` of EncoderDecoder  

backbone.block1.0.mlp.dwconv.dwconv.bias - torch.Size([256]): 
The value is the same before and after calling `init_weights` of EncoderDecoder  

backbone.block1.0.mlp.fc2.weight - torch.Size([32, 256, 1, 1]): 
The value is the same before and after calling `init_weights` of EncoderDecoder  

backbone.block1.0.mlp.fc2.bias - torch.Size([32]): 
The value is the same before and after calling `init_weights` of EncoderDecoder  

backbone.block1.1.layer_scale_1 - torch.Size([32]): 
The value is the same before and after calling `init_weights` of EncoderDecoder  

backbone.block1.1.layer_scale_2 - torch.Size([32]): 
The value is the same before and after calling `init_weights` of EncoderDecoder  

backbone.block1.1.norm1.weight - torch.Size([32]): 
The value is the same before and after calling `init_weights` of EncoderDecoder  

backbone.block1.1.norm1.bias - torch.Size([32]): 
The value is the same before and after calling `init_weights` of EncoderDecoder  

backbone.block1.1.attn.proj_1.weight - torch.Size([32, 32, 1, 1]): 
The value is the same before and after calling `init_weights` of EncoderDecoder  

backbone.block1.1.attn.proj_1.bias - torch.Size([32]): 
The value is the same before and after calling `init_weights` of EncoderDecoder  

backbone.block1.1.attn.spatial_gating_unit.conv0.weight - torch.Size([32, 1, 5, 5]): 
The value is the same before and after calling `init_weights` of EncoderDecoder  

backbone.block1.1.attn.spatial_gating_unit.conv0.bias - torch.Size([32]): 
The value is the same before and after calling `init_weights` of EncoderDecoder  

backbone.block1.1.attn.spatial_gating_unit.conv0_1.weight - torch.Size([32, 1, 1, 7]): 
The value is the same before and after calling `init_weights` of EncoderDecoder  

backbone.block1.1.attn.spatial_gating_unit.conv0_1.bias - torch.Size([32]): 
The value is the same before and after calling `init_weights` of EncoderDecoder  

backbone.block1.1.attn.spatial_gating_unit.conv0_2.weight - torch.Size([32, 1, 7, 1]): 
The value is the same before and after calling `init_weights` of EncoderDecoder  

backbone.block1.1.attn.spatial_gating_unit.conv0_2.bias - torch.Size([32]): 
The value is the same before and after calling `init_weights` of EncoderDecoder  

backbone.block1.1.attn.spatial_gating_unit.conv1_1.weight - torch.Size([32, 1, 1, 11]): 
The value is the same before and after calling `init_weights` of EncoderDecoder  

backbone.block1.1.attn.spatial_gating_unit.conv1_1.bias - torch.Size([32]): 
The value is the same before and after calling `init_weights` of EncoderDecoder  

backbone.block1.1.attn.spatial_gating_unit.conv1_2.weight - torch.Size([32, 1, 11, 1]): 
The value is the same before and after calling `init_weights` of EncoderDecoder  

backbone.block1.1.attn.spatial_gating_unit.conv1_2.bias - torch.Size([32]): 
The value is the same before and after calling `init_weights` of EncoderDecoder  

backbone.block1.1.attn.spatial_gating_unit.conv2_1.weight - torch.Size([32, 1, 1, 21]): 
The value is the same before and after calling `init_weights` of EncoderDecoder  

backbone.block1.1.attn.spatial_gating_unit.conv2_1.bias - torch.Size([32]): 
The value is the same before and after calling `init_weights` of EncoderDecoder  

backbone.block1.1.attn.spatial_gating_unit.conv2_2.weight - torch.Size([32, 1, 21, 1]): 
The value is the same before and after calling `init_weights` of EncoderDecoder  

backbone.block1.1.attn.spatial_gating_unit.conv2_2.bias - torch.Size([32]): 
The value is the same before and after calling `init_weights` of EncoderDecoder  

backbone.block1.1.attn.spatial_gating_unit.conv3.weight - torch.Size([32, 32, 1, 1]): 
The value is the same before and after calling `init_weights` of EncoderDecoder  

backbone.block1.1.attn.spatial_gating_unit.conv3.bias - torch.Size([32]): 
The value is the same before and after calling `init_weights` of EncoderDecoder  

backbone.block1.1.attn.proj_2.weight - torch.Size([32, 32, 1, 1]): 
The value is the same before and after calling `init_weights` of EncoderDecoder  

backbone.block1.1.attn.proj_2.bias - torch.Size([32]): 
The value is the same before and after calling `init_weights` of EncoderDecoder  

backbone.block1.1.norm2.weight - torch.Size([32]): 
The value is the same before and after calling `init_weights` of EncoderDecoder  

backbone.block1.1.norm2.bias - torch.Size([32]): 
The value is the same before and after calling `init_weights` of EncoderDecoder  

backbone.block1.1.mlp.fc1.weight - torch.Size([256, 32, 1, 1]): 
The value is the same before and after calling `init_weights` of EncoderDecoder  

backbone.block1.1.mlp.fc1.bias - torch.Size([256]): 
The value is the same before and after calling `init_weights` of EncoderDecoder  

backbone.block1.1.mlp.dwconv.dwconv.weight - torch.Size([256, 1, 3, 3]): 
The value is the same before and after calling `init_weights` of EncoderDecoder  

backbone.block1.1.mlp.dwconv.dwconv.bias - torch.Size([256]): 
The value is the same before and after calling `init_weights` of EncoderDecoder  

backbone.block1.1.mlp.fc2.weight - torch.Size([32, 256, 1, 1]): 
The value is the same before and after calling `init_weights` of EncoderDecoder  

backbone.block1.1.mlp.fc2.bias - torch.Size([32]): 
The value is the same before and after calling `init_weights` of EncoderDecoder  

backbone.block1.2.layer_scale_1 - torch.Size([32]): 
The value is the same before and after calling `init_weights` of EncoderDecoder  

backbone.block1.2.layer_scale_2 - torch.Size([32]): 
The value is the same before and after calling `init_weights` of EncoderDecoder  

backbone.block1.2.norm1.weight - torch.Size([32]): 
The value is the same before and after calling `init_weights` of EncoderDecoder  

backbone.block1.2.norm1.bias - torch.Size([32]): 
The value is the same before and after calling `init_weights` of EncoderDecoder  

backbone.block1.2.attn.proj_1.weight - torch.Size([32, 32, 1, 1]): 
The value is the same before and after calling `init_weights` of EncoderDecoder  

backbone.block1.2.attn.proj_1.bias - torch.Size([32]): 
The value is the same before and after calling `init_weights` of EncoderDecoder  

backbone.block1.2.attn.spatial_gating_unit.conv0.weight - torch.Size([32, 1, 5, 5]): 
The value is the same before and after calling `init_weights` of EncoderDecoder  

backbone.block1.2.attn.spatial_gating_unit.conv0.bias - torch.Size([32]): 
The value is the same before and after calling `init_weights` of EncoderDecoder  

backbone.block1.2.attn.spatial_gating_unit.conv0_1.weight - torch.Size([32, 1, 1, 7]): 
The value is the same before and after calling `init_weights` of EncoderDecoder  

backbone.block1.2.attn.spatial_gating_unit.conv0_1.bias - torch.Size([32]): 
The value is the same before and after calling `init_weights` of EncoderDecoder  

backbone.block1.2.attn.spatial_gating_unit.conv0_2.weight - torch.Size([32, 1, 7, 1]): 
The value is the same before and after calling `init_weights` of EncoderDecoder  

backbone.block1.2.attn.spatial_gating_unit.conv0_2.bias - torch.Size([32]): 
The value is the same before and after calling `init_weights` of EncoderDecoder  

backbone.block1.2.attn.spatial_gating_unit.conv1_1.weight - torch.Size([32, 1, 1, 11]): 
The value is the same before and after calling `init_weights` of EncoderDecoder  

backbone.block1.2.attn.spatial_gating_unit.conv1_1.bias - torch.Size([32]): 
The value is the same before and after calling `init_weights` of EncoderDecoder  

backbone.block1.2.attn.spatial_gating_unit.conv1_2.weight - torch.Size([32, 1, 11, 1]): 
The value is the same before and after calling `init_weights` of EncoderDecoder  

backbone.block1.2.attn.spatial_gating_unit.conv1_2.bias - torch.Size([32]): 
The value is the same before and after calling `init_weights` of EncoderDecoder  

backbone.block1.2.attn.spatial_gating_unit.conv2_1.weight - torch.Size([32, 1, 1, 21]): 
The value is the same before and after calling `init_weights` of EncoderDecoder  

backbone.block1.2.attn.spatial_gating_unit.conv2_1.bias - torch.Size([32]): 
The value is the same before and after calling `init_weights` of EncoderDecoder  

backbone.block1.2.attn.spatial_gating_unit.conv2_2.weight - torch.Size([32, 1, 21, 1]): 
The value is the same before and after calling `init_weights` of EncoderDecoder  

backbone.block1.2.attn.spatial_gating_unit.conv2_2.bias - torch.Size([32]): 
The value is the same before and after calling `init_weights` of EncoderDecoder  

backbone.block1.2.attn.spatial_gating_unit.conv3.weight - torch.Size([32, 32, 1, 1]): 
The value is the same before and after calling `init_weights` of EncoderDecoder  

backbone.block1.2.attn.spatial_gating_unit.conv3.bias - torch.Size([32]): 
The value is the same before and after calling `init_weights` of EncoderDecoder  

backbone.block1.2.attn.proj_2.weight - torch.Size([32, 32, 1, 1]): 
The value is the same before and after calling `init_weights` of EncoderDecoder  

backbone.block1.2.attn.proj_2.bias - torch.Size([32]): 
The value is the same before and after calling `init_weights` of EncoderDecoder  

backbone.block1.2.norm2.weight - torch.Size([32]): 
The value is the same before and after calling `init_weights` of EncoderDecoder  

backbone.block1.2.norm2.bias - torch.Size([32]): 
The value is the same before and after calling `init_weights` of EncoderDecoder  

backbone.block1.2.mlp.fc1.weight - torch.Size([256, 32, 1, 1]): 
The value is the same before and after calling `init_weights` of EncoderDecoder  

backbone.block1.2.mlp.fc1.bias - torch.Size([256]): 
The value is the same before and after calling `init_weights` of EncoderDecoder  

backbone.block1.2.mlp.dwconv.dwconv.weight - torch.Size([256, 1, 3, 3]): 
The value is the same before and after calling `init_weights` of EncoderDecoder  

backbone.block1.2.mlp.dwconv.dwconv.bias - torch.Size([256]): 
The value is the same before and after calling `init_weights` of EncoderDecoder  

backbone.block1.2.mlp.fc2.weight - torch.Size([32, 256, 1, 1]): 
The value is the same before and after calling `init_weights` of EncoderDecoder  

backbone.block1.2.mlp.fc2.bias - torch.Size([32]): 
The value is the same before and after calling `init_weights` of EncoderDecoder  

backbone.norm1.weight - torch.Size([32]): 
The value is the same before and after calling `init_weights` of EncoderDecoder  

backbone.norm1.bias - torch.Size([32]): 
The value is the same before and after calling `init_weights` of EncoderDecoder  

backbone.patch_embed2.proj.weight - torch.Size([64, 32, 3, 3]): 
The value is the same before and after calling `init_weights` of EncoderDecoder  

backbone.patch_embed2.proj.bias - torch.Size([64]): 
The value is the same before and after calling `init_weights` of EncoderDecoder  

backbone.patch_embed2.norm.weight - torch.Size([64]): 
The value is the same before and after calling `init_weights` of EncoderDecoder  

backbone.patch_embed2.norm.bias - torch.Size([64]): 
The value is the same before and after calling `init_weights` of EncoderDecoder  

backbone.block2.0.layer_scale_1 - torch.Size([64]): 
The value is the same before and after calling `init_weights` of EncoderDecoder  

backbone.block2.0.layer_scale_2 - torch.Size([64]): 
The value is the same before and after calling `init_weights` of EncoderDecoder  

backbone.block2.0.norm1.weight - torch.Size([64]): 
The value is the same before and after calling `init_weights` of EncoderDecoder  

backbone.block2.0.norm1.bias - torch.Size([64]): 
The value is the same before and after calling `init_weights` of EncoderDecoder  

backbone.block2.0.attn.proj_1.weight - torch.Size([64, 64, 1, 1]): 
The value is the same before and after calling `init_weights` of EncoderDecoder  

backbone.block2.0.attn.proj_1.bias - torch.Size([64]): 
The value is the same before and after calling `init_weights` of EncoderDecoder  

backbone.block2.0.attn.spatial_gating_unit.conv0.weight - torch.Size([64, 1, 5, 5]): 
The value is the same before and after calling `init_weights` of EncoderDecoder  

backbone.block2.0.attn.spatial_gating_unit.conv0.bias - torch.Size([64]): 
The value is the same before and after calling `init_weights` of EncoderDecoder  

backbone.block2.0.attn.spatial_gating_unit.conv0_1.weight - torch.Size([64, 1, 1, 7]): 
The value is the same before and after calling `init_weights` of EncoderDecoder  

backbone.block2.0.attn.spatial_gating_unit.conv0_1.bias - torch.Size([64]): 
The value is the same before and after calling `init_weights` of EncoderDecoder  

backbone.block2.0.attn.spatial_gating_unit.conv0_2.weight - torch.Size([64, 1, 7, 1]): 
The value is the same before and after calling `init_weights` of EncoderDecoder  

backbone.block2.0.attn.spatial_gating_unit.conv0_2.bias - torch.Size([64]): 
The value is the same before and after calling `init_weights` of EncoderDecoder  

backbone.block2.0.attn.spatial_gating_unit.conv1_1.weight - torch.Size([64, 1, 1, 11]): 
The value is the same before and after calling `init_weights` of EncoderDecoder  

backbone.block2.0.attn.spatial_gating_unit.conv1_1.bias - torch.Size([64]): 
The value is the same before and after calling `init_weights` of EncoderDecoder  

backbone.block2.0.attn.spatial_gating_unit.conv1_2.weight - torch.Size([64, 1, 11, 1]): 
The value is the same before and after calling `init_weights` of EncoderDecoder  

backbone.block2.0.attn.spatial_gating_unit.conv1_2.bias - torch.Size([64]): 
The value is the same before and after calling `init_weights` of EncoderDecoder  

backbone.block2.0.attn.spatial_gating_unit.conv2_1.weight - torch.Size([64, 1, 1, 21]): 
The value is the same before and after calling `init_weights` of EncoderDecoder  

backbone.block2.0.attn.spatial_gating_unit.conv2_1.bias - torch.Size([64]): 
The value is the same before and after calling `init_weights` of EncoderDecoder  

backbone.block2.0.attn.spatial_gating_unit.conv2_2.weight - torch.Size([64, 1, 21, 1]): 
The value is the same before and after calling `init_weights` of EncoderDecoder  

backbone.block2.0.attn.spatial_gating_unit.conv2_2.bias - torch.Size([64]): 
The value is the same before and after calling `init_weights` of EncoderDecoder  

backbone.block2.0.attn.spatial_gating_unit.conv3.weight - torch.Size([64, 64, 1, 1]): 
The value is the same before and after calling `init_weights` of EncoderDecoder  

backbone.block2.0.attn.spatial_gating_unit.conv3.bias - torch.Size([64]): 
The value is the same before and after calling `init_weights` of EncoderDecoder  

backbone.block2.0.attn.proj_2.weight - torch.Size([64, 64, 1, 1]): 
The value is the same before and after calling `init_weights` of EncoderDecoder  

backbone.block2.0.attn.proj_2.bias - torch.Size([64]): 
The value is the same before and after calling `init_weights` of EncoderDecoder  

backbone.block2.0.norm2.weight - torch.Size([64]): 
The value is the same before and after calling `init_weights` of EncoderDecoder  

backbone.block2.0.norm2.bias - torch.Size([64]): 
The value is the same before and after calling `init_weights` of EncoderDecoder  

backbone.block2.0.mlp.fc1.weight - torch.Size([512, 64, 1, 1]): 
The value is the same before and after calling `init_weights` of EncoderDecoder  

backbone.block2.0.mlp.fc1.bias - torch.Size([512]): 
The value is the same before and after calling `init_weights` of EncoderDecoder  

backbone.block2.0.mlp.dwconv.dwconv.weight - torch.Size([512, 1, 3, 3]): 
The value is the same before and after calling `init_weights` of EncoderDecoder  

backbone.block2.0.mlp.dwconv.dwconv.bias - torch.Size([512]): 
The value is the same before and after calling `init_weights` of EncoderDecoder  

backbone.block2.0.mlp.fc2.weight - torch.Size([64, 512, 1, 1]): 
The value is the same before and after calling `init_weights` of EncoderDecoder  

backbone.block2.0.mlp.fc2.bias - torch.Size([64]): 
The value is the same before and after calling `init_weights` of EncoderDecoder  

backbone.block2.1.layer_scale_1 - torch.Size([64]): 
The value is the same before and after calling `init_weights` of EncoderDecoder  

backbone.block2.1.layer_scale_2 - torch.Size([64]): 
The value is the same before and after calling `init_weights` of EncoderDecoder  

backbone.block2.1.norm1.weight - torch.Size([64]): 
The value is the same before and after calling `init_weights` of EncoderDecoder  

backbone.block2.1.norm1.bias - torch.Size([64]): 
The value is the same before and after calling `init_weights` of EncoderDecoder  

backbone.block2.1.attn.proj_1.weight - torch.Size([64, 64, 1, 1]): 
The value is the same before and after calling `init_weights` of EncoderDecoder  

backbone.block2.1.attn.proj_1.bias - torch.Size([64]): 
The value is the same before and after calling `init_weights` of EncoderDecoder  

backbone.block2.1.attn.spatial_gating_unit.conv0.weight - torch.Size([64, 1, 5, 5]): 
The value is the same before and after calling `init_weights` of EncoderDecoder  

backbone.block2.1.attn.spatial_gating_unit.conv0.bias - torch.Size([64]): 
The value is the same before and after calling `init_weights` of EncoderDecoder  

backbone.block2.1.attn.spatial_gating_unit.conv0_1.weight - torch.Size([64, 1, 1, 7]): 
The value is the same before and after calling `init_weights` of EncoderDecoder  

backbone.block2.1.attn.spatial_gating_unit.conv0_1.bias - torch.Size([64]): 
The value is the same before and after calling `init_weights` of EncoderDecoder  

backbone.block2.1.attn.spatial_gating_unit.conv0_2.weight - torch.Size([64, 1, 7, 1]): 
The value is the same before and after calling `init_weights` of EncoderDecoder  

backbone.block2.1.attn.spatial_gating_unit.conv0_2.bias - torch.Size([64]): 
The value is the same before and after calling `init_weights` of EncoderDecoder  

backbone.block2.1.attn.spatial_gating_unit.conv1_1.weight - torch.Size([64, 1, 1, 11]): 
The value is the same before and after calling `init_weights` of EncoderDecoder  

backbone.block2.1.attn.spatial_gating_unit.conv1_1.bias - torch.Size([64]): 
The value is the same before and after calling `init_weights` of EncoderDecoder  

backbone.block2.1.attn.spatial_gating_unit.conv1_2.weight - torch.Size([64, 1, 11, 1]): 
The value is the same before and after calling `init_weights` of EncoderDecoder  

backbone.block2.1.attn.spatial_gating_unit.conv1_2.bias - torch.Size([64]): 
The value is the same before and after calling `init_weights` of EncoderDecoder  

backbone.block2.1.attn.spatial_gating_unit.conv2_1.weight - torch.Size([64, 1, 1, 21]): 
The value is the same before and after calling `init_weights` of EncoderDecoder  

backbone.block2.1.attn.spatial_gating_unit.conv2_1.bias - torch.Size([64]): 
The value is the same before and after calling `init_weights` of EncoderDecoder  

backbone.block2.1.attn.spatial_gating_unit.conv2_2.weight - torch.Size([64, 1, 21, 1]): 
The value is the same before and after calling `init_weights` of EncoderDecoder  

backbone.block2.1.attn.spatial_gating_unit.conv2_2.bias - torch.Size([64]): 
The value is the same before and after calling `init_weights` of EncoderDecoder  

backbone.block2.1.attn.spatial_gating_unit.conv3.weight - torch.Size([64, 64, 1, 1]): 
The value is the same before and after calling `init_weights` of EncoderDecoder  

backbone.block2.1.attn.spatial_gating_unit.conv3.bias - torch.Size([64]): 
The value is the same before and after calling `init_weights` of EncoderDecoder  

backbone.block2.1.attn.proj_2.weight - torch.Size([64, 64, 1, 1]): 
The value is the same before and after calling `init_weights` of EncoderDecoder  

backbone.block2.1.attn.proj_2.bias - torch.Size([64]): 
The value is the same before and after calling `init_weights` of EncoderDecoder  

backbone.block2.1.norm2.weight - torch.Size([64]): 
The value is the same before and after calling `init_weights` of EncoderDecoder  

backbone.block2.1.norm2.bias - torch.Size([64]): 
The value is the same before and after calling `init_weights` of EncoderDecoder  

backbone.block2.1.mlp.fc1.weight - torch.Size([512, 64, 1, 1]): 
The value is the same before and after calling `init_weights` of EncoderDecoder  

backbone.block2.1.mlp.fc1.bias - torch.Size([512]): 
The value is the same before and after calling `init_weights` of EncoderDecoder  

backbone.block2.1.mlp.dwconv.dwconv.weight - torch.Size([512, 1, 3, 3]): 
The value is the same before and after calling `init_weights` of EncoderDecoder  

backbone.block2.1.mlp.dwconv.dwconv.bias - torch.Size([512]): 
The value is the same before and after calling `init_weights` of EncoderDecoder  

backbone.block2.1.mlp.fc2.weight - torch.Size([64, 512, 1, 1]): 
The value is the same before and after calling `init_weights` of EncoderDecoder  

backbone.block2.1.mlp.fc2.bias - torch.Size([64]): 
The value is the same before and after calling `init_weights` of EncoderDecoder  

backbone.block2.2.layer_scale_1 - torch.Size([64]): 
The value is the same before and after calling `init_weights` of EncoderDecoder  

backbone.block2.2.layer_scale_2 - torch.Size([64]): 
The value is the same before and after calling `init_weights` of EncoderDecoder  

backbone.block2.2.norm1.weight - torch.Size([64]): 
The value is the same before and after calling `init_weights` of EncoderDecoder  

backbone.block2.2.norm1.bias - torch.Size([64]): 
The value is the same before and after calling `init_weights` of EncoderDecoder  

backbone.block2.2.attn.proj_1.weight - torch.Size([64, 64, 1, 1]): 
The value is the same before and after calling `init_weights` of EncoderDecoder  

backbone.block2.2.attn.proj_1.bias - torch.Size([64]): 
The value is the same before and after calling `init_weights` of EncoderDecoder  

backbone.block2.2.attn.spatial_gating_unit.conv0.weight - torch.Size([64, 1, 5, 5]): 
The value is the same before and after calling `init_weights` of EncoderDecoder  

backbone.block2.2.attn.spatial_gating_unit.conv0.bias - torch.Size([64]): 
The value is the same before and after calling `init_weights` of EncoderDecoder  

backbone.block2.2.attn.spatial_gating_unit.conv0_1.weight - torch.Size([64, 1, 1, 7]): 
The value is the same before and after calling `init_weights` of EncoderDecoder  

backbone.block2.2.attn.spatial_gating_unit.conv0_1.bias - torch.Size([64]): 
The value is the same before and after calling `init_weights` of EncoderDecoder  

backbone.block2.2.attn.spatial_gating_unit.conv0_2.weight - torch.Size([64, 1, 7, 1]): 
The value is the same before and after calling `init_weights` of EncoderDecoder  

backbone.block2.2.attn.spatial_gating_unit.conv0_2.bias - torch.Size([64]): 
The value is the same before and after calling `init_weights` of EncoderDecoder  

backbone.block2.2.attn.spatial_gating_unit.conv1_1.weight - torch.Size([64, 1, 1, 11]): 
The value is the same before and after calling `init_weights` of EncoderDecoder  

backbone.block2.2.attn.spatial_gating_unit.conv1_1.bias - torch.Size([64]): 
The value is the same before and after calling `init_weights` of EncoderDecoder  

backbone.block2.2.attn.spatial_gating_unit.conv1_2.weight - torch.Size([64, 1, 11, 1]): 
The value is the same before and after calling `init_weights` of EncoderDecoder  

backbone.block2.2.attn.spatial_gating_unit.conv1_2.bias - torch.Size([64]): 
The value is the same before and after calling `init_weights` of EncoderDecoder  

backbone.block2.2.attn.spatial_gating_unit.conv2_1.weight - torch.Size([64, 1, 1, 21]): 
The value is the same before and after calling `init_weights` of EncoderDecoder  

backbone.block2.2.attn.spatial_gating_unit.conv2_1.bias - torch.Size([64]): 
The value is the same before and after calling `init_weights` of EncoderDecoder  

backbone.block2.2.attn.spatial_gating_unit.conv2_2.weight - torch.Size([64, 1, 21, 1]): 
The value is the same before and after calling `init_weights` of EncoderDecoder  

backbone.block2.2.attn.spatial_gating_unit.conv2_2.bias - torch.Size([64]): 
The value is the same before and after calling `init_weights` of EncoderDecoder  

backbone.block2.2.attn.spatial_gating_unit.conv3.weight - torch.Size([64, 64, 1, 1]): 
The value is the same before and after calling `init_weights` of EncoderDecoder  

backbone.block2.2.attn.spatial_gating_unit.conv3.bias - torch.Size([64]): 
The value is the same before and after calling `init_weights` of EncoderDecoder  

backbone.block2.2.attn.proj_2.weight - torch.Size([64, 64, 1, 1]): 
The value is the same before and after calling `init_weights` of EncoderDecoder  

backbone.block2.2.attn.proj_2.bias - torch.Size([64]): 
The value is the same before and after calling `init_weights` of EncoderDecoder  

backbone.block2.2.norm2.weight - torch.Size([64]): 
The value is the same before and after calling `init_weights` of EncoderDecoder  

backbone.block2.2.norm2.bias - torch.Size([64]): 
The value is the same before and after calling `init_weights` of EncoderDecoder  

backbone.block2.2.mlp.fc1.weight - torch.Size([512, 64, 1, 1]): 
The value is the same before and after calling `init_weights` of EncoderDecoder  

backbone.block2.2.mlp.fc1.bias - torch.Size([512]): 
The value is the same before and after calling `init_weights` of EncoderDecoder  

backbone.block2.2.mlp.dwconv.dwconv.weight - torch.Size([512, 1, 3, 3]): 
The value is the same before and after calling `init_weights` of EncoderDecoder  

backbone.block2.2.mlp.dwconv.dwconv.bias - torch.Size([512]): 
The value is the same before and after calling `init_weights` of EncoderDecoder  

backbone.block2.2.mlp.fc2.weight - torch.Size([64, 512, 1, 1]): 
The value is the same before and after calling `init_weights` of EncoderDecoder  

backbone.block2.2.mlp.fc2.bias - torch.Size([64]): 
The value is the same before and after calling `init_weights` of EncoderDecoder  

backbone.norm2.weight - torch.Size([64]): 
The value is the same before and after calling `init_weights` of EncoderDecoder  

backbone.norm2.bias - torch.Size([64]): 
The value is the same before and after calling `init_weights` of EncoderDecoder  

backbone.patch_embed3.proj.weight - torch.Size([160, 64, 3, 3]): 
The value is the same before and after calling `init_weights` of EncoderDecoder  

backbone.patch_embed3.proj.bias - torch.Size([160]): 
The value is the same before and after calling `init_weights` of EncoderDecoder  

backbone.patch_embed3.norm.weight - torch.Size([160]): 
The value is the same before and after calling `init_weights` of EncoderDecoder  

backbone.patch_embed3.norm.bias - torch.Size([160]): 
The value is the same before and after calling `init_weights` of EncoderDecoder  

backbone.block3.0.layer_scale_1 - torch.Size([160]): 
The value is the same before and after calling `init_weights` of EncoderDecoder  

backbone.block3.0.layer_scale_2 - torch.Size([160]): 
The value is the same before and after calling `init_weights` of EncoderDecoder  

backbone.block3.0.norm1.weight - torch.Size([160]): 
The value is the same before and after calling `init_weights` of EncoderDecoder  

backbone.block3.0.norm1.bias - torch.Size([160]): 
The value is the same before and after calling `init_weights` of EncoderDecoder  

backbone.block3.0.attn.proj_1.weight - torch.Size([160, 160, 1, 1]): 
The value is the same before and after calling `init_weights` of EncoderDecoder  

backbone.block3.0.attn.proj_1.bias - torch.Size([160]): 
The value is the same before and after calling `init_weights` of EncoderDecoder  

backbone.block3.0.attn.spatial_gating_unit.conv0.weight - torch.Size([160, 1, 5, 5]): 
The value is the same before and after calling `init_weights` of EncoderDecoder  

backbone.block3.0.attn.spatial_gating_unit.conv0.bias - torch.Size([160]): 
The value is the same before and after calling `init_weights` of EncoderDecoder  

backbone.block3.0.attn.spatial_gating_unit.conv0_1.weight - torch.Size([160, 1, 1, 7]): 
The value is the same before and after calling `init_weights` of EncoderDecoder  

backbone.block3.0.attn.spatial_gating_unit.conv0_1.bias - torch.Size([160]): 
The value is the same before and after calling `init_weights` of EncoderDecoder  

backbone.block3.0.attn.spatial_gating_unit.conv0_2.weight - torch.Size([160, 1, 7, 1]): 
The value is the same before and after calling `init_weights` of EncoderDecoder  

backbone.block3.0.attn.spatial_gating_unit.conv0_2.bias - torch.Size([160]): 
The value is the same before and after calling `init_weights` of EncoderDecoder  

backbone.block3.0.attn.spatial_gating_unit.conv1_1.weight - torch.Size([160, 1, 1, 11]): 
The value is the same before and after calling `init_weights` of EncoderDecoder  

backbone.block3.0.attn.spatial_gating_unit.conv1_1.bias - torch.Size([160]): 
The value is the same before and after calling `init_weights` of EncoderDecoder  

backbone.block3.0.attn.spatial_gating_unit.conv1_2.weight - torch.Size([160, 1, 11, 1]): 
The value is the same before and after calling `init_weights` of EncoderDecoder  

backbone.block3.0.attn.spatial_gating_unit.conv1_2.bias - torch.Size([160]): 
The value is the same before and after calling `init_weights` of EncoderDecoder  

backbone.block3.0.attn.spatial_gating_unit.conv2_1.weight - torch.Size([160, 1, 1, 21]): 
The value is the same before and after calling `init_weights` of EncoderDecoder  

backbone.block3.0.attn.spatial_gating_unit.conv2_1.bias - torch.Size([160]): 
The value is the same before and after calling `init_weights` of EncoderDecoder  

backbone.block3.0.attn.spatial_gating_unit.conv2_2.weight - torch.Size([160, 1, 21, 1]): 
The value is the same before and after calling `init_weights` of EncoderDecoder  

backbone.block3.0.attn.spatial_gating_unit.conv2_2.bias - torch.Size([160]): 
The value is the same before and after calling `init_weights` of EncoderDecoder  

backbone.block3.0.attn.spatial_gating_unit.conv3.weight - torch.Size([160, 160, 1, 1]): 
The value is the same before and after calling `init_weights` of EncoderDecoder  

backbone.block3.0.attn.spatial_gating_unit.conv3.bias - torch.Size([160]): 
The value is the same before and after calling `init_weights` of EncoderDecoder  

backbone.block3.0.attn.proj_2.weight - torch.Size([160, 160, 1, 1]): 
The value is the same before and after calling `init_weights` of EncoderDecoder  

backbone.block3.0.attn.proj_2.bias - torch.Size([160]): 
The value is the same before and after calling `init_weights` of EncoderDecoder  

backbone.block3.0.norm2.weight - torch.Size([160]): 
The value is the same before and after calling `init_weights` of EncoderDecoder  

backbone.block3.0.norm2.bias - torch.Size([160]): 
The value is the same before and after calling `init_weights` of EncoderDecoder  

backbone.block3.0.mlp.fc1.weight - torch.Size([640, 160, 1, 1]): 
The value is the same before and after calling `init_weights` of EncoderDecoder  

backbone.block3.0.mlp.fc1.bias - torch.Size([640]): 
The value is the same before and after calling `init_weights` of EncoderDecoder  

backbone.block3.0.mlp.dwconv.dwconv.weight - torch.Size([640, 1, 3, 3]): 
The value is the same before and after calling `init_weights` of EncoderDecoder  

backbone.block3.0.mlp.dwconv.dwconv.bias - torch.Size([640]): 
The value is the same before and after calling `init_weights` of EncoderDecoder  

backbone.block3.0.mlp.fc2.weight - torch.Size([160, 640, 1, 1]): 
The value is the same before and after calling `init_weights` of EncoderDecoder  

backbone.block3.0.mlp.fc2.bias - torch.Size([160]): 
The value is the same before and after calling `init_weights` of EncoderDecoder  

backbone.block3.1.layer_scale_1 - torch.Size([160]): 
The value is the same before and after calling `init_weights` of EncoderDecoder  

backbone.block3.1.layer_scale_2 - torch.Size([160]): 
The value is the same before and after calling `init_weights` of EncoderDecoder  

backbone.block3.1.norm1.weight - torch.Size([160]): 
The value is the same before and after calling `init_weights` of EncoderDecoder  

backbone.block3.1.norm1.bias - torch.Size([160]): 
The value is the same before and after calling `init_weights` of EncoderDecoder  

backbone.block3.1.attn.proj_1.weight - torch.Size([160, 160, 1, 1]): 
The value is the same before and after calling `init_weights` of EncoderDecoder  

backbone.block3.1.attn.proj_1.bias - torch.Size([160]): 
The value is the same before and after calling `init_weights` of EncoderDecoder  

backbone.block3.1.attn.spatial_gating_unit.conv0.weight - torch.Size([160, 1, 5, 5]): 
The value is the same before and after calling `init_weights` of EncoderDecoder  

backbone.block3.1.attn.spatial_gating_unit.conv0.bias - torch.Size([160]): 
The value is the same before and after calling `init_weights` of EncoderDecoder  

backbone.block3.1.attn.spatial_gating_unit.conv0_1.weight - torch.Size([160, 1, 1, 7]): 
The value is the same before and after calling `init_weights` of EncoderDecoder  

backbone.block3.1.attn.spatial_gating_unit.conv0_1.bias - torch.Size([160]): 
The value is the same before and after calling `init_weights` of EncoderDecoder  

backbone.block3.1.attn.spatial_gating_unit.conv0_2.weight - torch.Size([160, 1, 7, 1]): 
The value is the same before and after calling `init_weights` of EncoderDecoder  

backbone.block3.1.attn.spatial_gating_unit.conv0_2.bias - torch.Size([160]): 
The value is the same before and after calling `init_weights` of EncoderDecoder  

backbone.block3.1.attn.spatial_gating_unit.conv1_1.weight - torch.Size([160, 1, 1, 11]): 
The value is the same before and after calling `init_weights` of EncoderDecoder  

backbone.block3.1.attn.spatial_gating_unit.conv1_1.bias - torch.Size([160]): 
The value is the same before and after calling `init_weights` of EncoderDecoder  

backbone.block3.1.attn.spatial_gating_unit.conv1_2.weight - torch.Size([160, 1, 11, 1]): 
The value is the same before and after calling `init_weights` of EncoderDecoder  

backbone.block3.1.attn.spatial_gating_unit.conv1_2.bias - torch.Size([160]): 
The value is the same before and after calling `init_weights` of EncoderDecoder  

backbone.block3.1.attn.spatial_gating_unit.conv2_1.weight - torch.Size([160, 1, 1, 21]): 
The value is the same before and after calling `init_weights` of EncoderDecoder  

backbone.block3.1.attn.spatial_gating_unit.conv2_1.bias - torch.Size([160]): 
The value is the same before and after calling `init_weights` of EncoderDecoder  

backbone.block3.1.attn.spatial_gating_unit.conv2_2.weight - torch.Size([160, 1, 21, 1]): 
The value is the same before and after calling `init_weights` of EncoderDecoder  

backbone.block3.1.attn.spatial_gating_unit.conv2_2.bias - torch.Size([160]): 
The value is the same before and after calling `init_weights` of EncoderDecoder  

backbone.block3.1.attn.spatial_gating_unit.conv3.weight - torch.Size([160, 160, 1, 1]): 
The value is the same before and after calling `init_weights` of EncoderDecoder  

backbone.block3.1.attn.spatial_gating_unit.conv3.bias - torch.Size([160]): 
The value is the same before and after calling `init_weights` of EncoderDecoder  

backbone.block3.1.attn.proj_2.weight - torch.Size([160, 160, 1, 1]): 
The value is the same before and after calling `init_weights` of EncoderDecoder  

backbone.block3.1.attn.proj_2.bias - torch.Size([160]): 
The value is the same before and after calling `init_weights` of EncoderDecoder  

backbone.block3.1.norm2.weight - torch.Size([160]): 
The value is the same before and after calling `init_weights` of EncoderDecoder  

backbone.block3.1.norm2.bias - torch.Size([160]): 
The value is the same before and after calling `init_weights` of EncoderDecoder  

backbone.block3.1.mlp.fc1.weight - torch.Size([640, 160, 1, 1]): 
The value is the same before and after calling `init_weights` of EncoderDecoder  

backbone.block3.1.mlp.fc1.bias - torch.Size([640]): 
The value is the same before and after calling `init_weights` of EncoderDecoder  

backbone.block3.1.mlp.dwconv.dwconv.weight - torch.Size([640, 1, 3, 3]): 
The value is the same before and after calling `init_weights` of EncoderDecoder  

backbone.block3.1.mlp.dwconv.dwconv.bias - torch.Size([640]): 
The value is the same before and after calling `init_weights` of EncoderDecoder  

backbone.block3.1.mlp.fc2.weight - torch.Size([160, 640, 1, 1]): 
The value is the same before and after calling `init_weights` of EncoderDecoder  

backbone.block3.1.mlp.fc2.bias - torch.Size([160]): 
The value is the same before and after calling `init_weights` of EncoderDecoder  

backbone.block3.2.layer_scale_1 - torch.Size([160]): 
The value is the same before and after calling `init_weights` of EncoderDecoder  

backbone.block3.2.layer_scale_2 - torch.Size([160]): 
The value is the same before and after calling `init_weights` of EncoderDecoder  

backbone.block3.2.norm1.weight - torch.Size([160]): 
The value is the same before and after calling `init_weights` of EncoderDecoder  

backbone.block3.2.norm1.bias - torch.Size([160]): 
The value is the same before and after calling `init_weights` of EncoderDecoder  

backbone.block3.2.attn.proj_1.weight - torch.Size([160, 160, 1, 1]): 
The value is the same before and after calling `init_weights` of EncoderDecoder  

backbone.block3.2.attn.proj_1.bias - torch.Size([160]): 
The value is the same before and after calling `init_weights` of EncoderDecoder  

backbone.block3.2.attn.spatial_gating_unit.conv0.weight - torch.Size([160, 1, 5, 5]): 
The value is the same before and after calling `init_weights` of EncoderDecoder  

backbone.block3.2.attn.spatial_gating_unit.conv0.bias - torch.Size([160]): 
The value is the same before and after calling `init_weights` of EncoderDecoder  

backbone.block3.2.attn.spatial_gating_unit.conv0_1.weight - torch.Size([160, 1, 1, 7]): 
The value is the same before and after calling `init_weights` of EncoderDecoder  

backbone.block3.2.attn.spatial_gating_unit.conv0_1.bias - torch.Size([160]): 
The value is the same before and after calling `init_weights` of EncoderDecoder  

backbone.block3.2.attn.spatial_gating_unit.conv0_2.weight - torch.Size([160, 1, 7, 1]): 
The value is the same before and after calling `init_weights` of EncoderDecoder  

backbone.block3.2.attn.spatial_gating_unit.conv0_2.bias - torch.Size([160]): 
The value is the same before and after calling `init_weights` of EncoderDecoder  

backbone.block3.2.attn.spatial_gating_unit.conv1_1.weight - torch.Size([160, 1, 1, 11]): 
The value is the same before and after calling `init_weights` of EncoderDecoder  

backbone.block3.2.attn.spatial_gating_unit.conv1_1.bias - torch.Size([160]): 
The value is the same before and after calling `init_weights` of EncoderDecoder  

backbone.block3.2.attn.spatial_gating_unit.conv1_2.weight - torch.Size([160, 1, 11, 1]): 
The value is the same before and after calling `init_weights` of EncoderDecoder  

backbone.block3.2.attn.spatial_gating_unit.conv1_2.bias - torch.Size([160]): 
The value is the same before and after calling `init_weights` of EncoderDecoder  

backbone.block3.2.attn.spatial_gating_unit.conv2_1.weight - torch.Size([160, 1, 1, 21]): 
The value is the same before and after calling `init_weights` of EncoderDecoder  

backbone.block3.2.attn.spatial_gating_unit.conv2_1.bias - torch.Size([160]): 
The value is the same before and after calling `init_weights` of EncoderDecoder  

backbone.block3.2.attn.spatial_gating_unit.conv2_2.weight - torch.Size([160, 1, 21, 1]): 
The value is the same before and after calling `init_weights` of EncoderDecoder  

backbone.block3.2.attn.spatial_gating_unit.conv2_2.bias - torch.Size([160]): 
The value is the same before and after calling `init_weights` of EncoderDecoder  

backbone.block3.2.attn.spatial_gating_unit.conv3.weight - torch.Size([160, 160, 1, 1]): 
The value is the same before and after calling `init_weights` of EncoderDecoder  

backbone.block3.2.attn.spatial_gating_unit.conv3.bias - torch.Size([160]): 
The value is the same before and after calling `init_weights` of EncoderDecoder  

backbone.block3.2.attn.proj_2.weight - torch.Size([160, 160, 1, 1]): 
The value is the same before and after calling `init_weights` of EncoderDecoder  

backbone.block3.2.attn.proj_2.bias - torch.Size([160]): 
The value is the same before and after calling `init_weights` of EncoderDecoder  

backbone.block3.2.norm2.weight - torch.Size([160]): 
The value is the same before and after calling `init_weights` of EncoderDecoder  

backbone.block3.2.norm2.bias - torch.Size([160]): 
The value is the same before and after calling `init_weights` of EncoderDecoder  

backbone.block3.2.mlp.fc1.weight - torch.Size([640, 160, 1, 1]): 
The value is the same before and after calling `init_weights` of EncoderDecoder  

backbone.block3.2.mlp.fc1.bias - torch.Size([640]): 
The value is the same before and after calling `init_weights` of EncoderDecoder  

backbone.block3.2.mlp.dwconv.dwconv.weight - torch.Size([640, 1, 3, 3]): 
The value is the same before and after calling `init_weights` of EncoderDecoder  

backbone.block3.2.mlp.dwconv.dwconv.bias - torch.Size([640]): 
The value is the same before and after calling `init_weights` of EncoderDecoder  

backbone.block3.2.mlp.fc2.weight - torch.Size([160, 640, 1, 1]): 
The value is the same before and after calling `init_weights` of EncoderDecoder  

backbone.block3.2.mlp.fc2.bias - torch.Size([160]): 
The value is the same before and after calling `init_weights` of EncoderDecoder  

backbone.block3.3.layer_scale_1 - torch.Size([160]): 
The value is the same before and after calling `init_weights` of EncoderDecoder  

backbone.block3.3.layer_scale_2 - torch.Size([160]): 
The value is the same before and after calling `init_weights` of EncoderDecoder  

backbone.block3.3.norm1.weight - torch.Size([160]): 
The value is the same before and after calling `init_weights` of EncoderDecoder  

backbone.block3.3.norm1.bias - torch.Size([160]): 
The value is the same before and after calling `init_weights` of EncoderDecoder  

backbone.block3.3.attn.proj_1.weight - torch.Size([160, 160, 1, 1]): 
The value is the same before and after calling `init_weights` of EncoderDecoder  

backbone.block3.3.attn.proj_1.bias - torch.Size([160]): 
The value is the same before and after calling `init_weights` of EncoderDecoder  

backbone.block3.3.attn.spatial_gating_unit.conv0.weight - torch.Size([160, 1, 5, 5]): 
The value is the same before and after calling `init_weights` of EncoderDecoder  

backbone.block3.3.attn.spatial_gating_unit.conv0.bias - torch.Size([160]): 
The value is the same before and after calling `init_weights` of EncoderDecoder  

backbone.block3.3.attn.spatial_gating_unit.conv0_1.weight - torch.Size([160, 1, 1, 7]): 
The value is the same before and after calling `init_weights` of EncoderDecoder  

backbone.block3.3.attn.spatial_gating_unit.conv0_1.bias - torch.Size([160]): 
The value is the same before and after calling `init_weights` of EncoderDecoder  

backbone.block3.3.attn.spatial_gating_unit.conv0_2.weight - torch.Size([160, 1, 7, 1]): 
The value is the same before and after calling `init_weights` of EncoderDecoder  

backbone.block3.3.attn.spatial_gating_unit.conv0_2.bias - torch.Size([160]): 
The value is the same before and after calling `init_weights` of EncoderDecoder  

backbone.block3.3.attn.spatial_gating_unit.conv1_1.weight - torch.Size([160, 1, 1, 11]): 
The value is the same before and after calling `init_weights` of EncoderDecoder  

backbone.block3.3.attn.spatial_gating_unit.conv1_1.bias - torch.Size([160]): 
The value is the same before and after calling `init_weights` of EncoderDecoder  

backbone.block3.3.attn.spatial_gating_unit.conv1_2.weight - torch.Size([160, 1, 11, 1]): 
The value is the same before and after calling `init_weights` of EncoderDecoder  

backbone.block3.3.attn.spatial_gating_unit.conv1_2.bias - torch.Size([160]): 
The value is the same before and after calling `init_weights` of EncoderDecoder  

backbone.block3.3.attn.spatial_gating_unit.conv2_1.weight - torch.Size([160, 1, 1, 21]): 
The value is the same before and after calling `init_weights` of EncoderDecoder  

backbone.block3.3.attn.spatial_gating_unit.conv2_1.bias - torch.Size([160]): 
The value is the same before and after calling `init_weights` of EncoderDecoder  

backbone.block3.3.attn.spatial_gating_unit.conv2_2.weight - torch.Size([160, 1, 21, 1]): 
The value is the same before and after calling `init_weights` of EncoderDecoder  

backbone.block3.3.attn.spatial_gating_unit.conv2_2.bias - torch.Size([160]): 
The value is the same before and after calling `init_weights` of EncoderDecoder  

backbone.block3.3.attn.spatial_gating_unit.conv3.weight - torch.Size([160, 160, 1, 1]): 
The value is the same before and after calling `init_weights` of EncoderDecoder  

backbone.block3.3.attn.spatial_gating_unit.conv3.bias - torch.Size([160]): 
The value is the same before and after calling `init_weights` of EncoderDecoder  

backbone.block3.3.attn.proj_2.weight - torch.Size([160, 160, 1, 1]): 
The value is the same before and after calling `init_weights` of EncoderDecoder  

backbone.block3.3.attn.proj_2.bias - torch.Size([160]): 
The value is the same before and after calling `init_weights` of EncoderDecoder  

backbone.block3.3.norm2.weight - torch.Size([160]): 
The value is the same before and after calling `init_weights` of EncoderDecoder  

backbone.block3.3.norm2.bias - torch.Size([160]): 
The value is the same before and after calling `init_weights` of EncoderDecoder  

backbone.block3.3.mlp.fc1.weight - torch.Size([640, 160, 1, 1]): 
The value is the same before and after calling `init_weights` of EncoderDecoder  

backbone.block3.3.mlp.fc1.bias - torch.Size([640]): 
The value is the same before and after calling `init_weights` of EncoderDecoder  

backbone.block3.3.mlp.dwconv.dwconv.weight - torch.Size([640, 1, 3, 3]): 
The value is the same before and after calling `init_weights` of EncoderDecoder  

backbone.block3.3.mlp.dwconv.dwconv.bias - torch.Size([640]): 
The value is the same before and after calling `init_weights` of EncoderDecoder  

backbone.block3.3.mlp.fc2.weight - torch.Size([160, 640, 1, 1]): 
The value is the same before and after calling `init_weights` of EncoderDecoder  

backbone.block3.3.mlp.fc2.bias - torch.Size([160]): 
The value is the same before and after calling `init_weights` of EncoderDecoder  

backbone.block3.4.layer_scale_1 - torch.Size([160]): 
The value is the same before and after calling `init_weights` of EncoderDecoder  

backbone.block3.4.layer_scale_2 - torch.Size([160]): 
The value is the same before and after calling `init_weights` of EncoderDecoder  

backbone.block3.4.norm1.weight - torch.Size([160]): 
The value is the same before and after calling `init_weights` of EncoderDecoder  

backbone.block3.4.norm1.bias - torch.Size([160]): 
The value is the same before and after calling `init_weights` of EncoderDecoder  

backbone.block3.4.attn.proj_1.weight - torch.Size([160, 160, 1, 1]): 
The value is the same before and after calling `init_weights` of EncoderDecoder  

backbone.block3.4.attn.proj_1.bias - torch.Size([160]): 
The value is the same before and after calling `init_weights` of EncoderDecoder  

backbone.block3.4.attn.spatial_gating_unit.conv0.weight - torch.Size([160, 1, 5, 5]): 
The value is the same before and after calling `init_weights` of EncoderDecoder  

backbone.block3.4.attn.spatial_gating_unit.conv0.bias - torch.Size([160]): 
The value is the same before and after calling `init_weights` of EncoderDecoder  

backbone.block3.4.attn.spatial_gating_unit.conv0_1.weight - torch.Size([160, 1, 1, 7]): 
The value is the same before and after calling `init_weights` of EncoderDecoder  

backbone.block3.4.attn.spatial_gating_unit.conv0_1.bias - torch.Size([160]): 
The value is the same before and after calling `init_weights` of EncoderDecoder  

backbone.block3.4.attn.spatial_gating_unit.conv0_2.weight - torch.Size([160, 1, 7, 1]): 
The value is the same before and after calling `init_weights` of EncoderDecoder  

backbone.block3.4.attn.spatial_gating_unit.conv0_2.bias - torch.Size([160]): 
The value is the same before and after calling `init_weights` of EncoderDecoder  

backbone.block3.4.attn.spatial_gating_unit.conv1_1.weight - torch.Size([160, 1, 1, 11]): 
The value is the same before and after calling `init_weights` of EncoderDecoder  

backbone.block3.4.attn.spatial_gating_unit.conv1_1.bias - torch.Size([160]): 
The value is the same before and after calling `init_weights` of EncoderDecoder  

backbone.block3.4.attn.spatial_gating_unit.conv1_2.weight - torch.Size([160, 1, 11, 1]): 
The value is the same before and after calling `init_weights` of EncoderDecoder  

backbone.block3.4.attn.spatial_gating_unit.conv1_2.bias - torch.Size([160]): 
The value is the same before and after calling `init_weights` of EncoderDecoder  

backbone.block3.4.attn.spatial_gating_unit.conv2_1.weight - torch.Size([160, 1, 1, 21]): 
The value is the same before and after calling `init_weights` of EncoderDecoder  

backbone.block3.4.attn.spatial_gating_unit.conv2_1.bias - torch.Size([160]): 
The value is the same before and after calling `init_weights` of EncoderDecoder  

backbone.block3.4.attn.spatial_gating_unit.conv2_2.weight - torch.Size([160, 1, 21, 1]): 
The value is the same before and after calling `init_weights` of EncoderDecoder  

backbone.block3.4.attn.spatial_gating_unit.conv2_2.bias - torch.Size([160]): 
The value is the same before and after calling `init_weights` of EncoderDecoder  

backbone.block3.4.attn.spatial_gating_unit.conv3.weight - torch.Size([160, 160, 1, 1]): 
The value is the same before and after calling `init_weights` of EncoderDecoder  

backbone.block3.4.attn.spatial_gating_unit.conv3.bias - torch.Size([160]): 
The value is the same before and after calling `init_weights` of EncoderDecoder  

backbone.block3.4.attn.proj_2.weight - torch.Size([160, 160, 1, 1]): 
The value is the same before and after calling `init_weights` of EncoderDecoder  

backbone.block3.4.attn.proj_2.bias - torch.Size([160]): 
The value is the same before and after calling `init_weights` of EncoderDecoder  

backbone.block3.4.norm2.weight - torch.Size([160]): 
The value is the same before and after calling `init_weights` of EncoderDecoder  

backbone.block3.4.norm2.bias - torch.Size([160]): 
The value is the same before and after calling `init_weights` of EncoderDecoder  

backbone.block3.4.mlp.fc1.weight - torch.Size([640, 160, 1, 1]): 
The value is the same before and after calling `init_weights` of EncoderDecoder  

backbone.block3.4.mlp.fc1.bias - torch.Size([640]): 
The value is the same before and after calling `init_weights` of EncoderDecoder  

backbone.block3.4.mlp.dwconv.dwconv.weight - torch.Size([640, 1, 3, 3]): 
The value is the same before and after calling `init_weights` of EncoderDecoder  

backbone.block3.4.mlp.dwconv.dwconv.bias - torch.Size([640]): 
The value is the same before and after calling `init_weights` of EncoderDecoder  

backbone.block3.4.mlp.fc2.weight - torch.Size([160, 640, 1, 1]): 
The value is the same before and after calling `init_weights` of EncoderDecoder  

backbone.block3.4.mlp.fc2.bias - torch.Size([160]): 
The value is the same before and after calling `init_weights` of EncoderDecoder  

backbone.norm3.weight - torch.Size([160]): 
The value is the same before and after calling `init_weights` of EncoderDecoder  

backbone.norm3.bias - torch.Size([160]): 
The value is the same before and after calling `init_weights` of EncoderDecoder  

backbone.patch_embed4.proj.weight - torch.Size([256, 160, 3, 3]): 
The value is the same before and after calling `init_weights` of EncoderDecoder  

backbone.patch_embed4.proj.bias - torch.Size([256]): 
The value is the same before and after calling `init_weights` of EncoderDecoder  

backbone.patch_embed4.norm.weight - torch.Size([256]): 
The value is the same before and after calling `init_weights` of EncoderDecoder  

backbone.patch_embed4.norm.bias - torch.Size([256]): 
The value is the same before and after calling `init_weights` of EncoderDecoder  

backbone.block4.0.layer_scale_1 - torch.Size([256]): 
The value is the same before and after calling `init_weights` of EncoderDecoder  

backbone.block4.0.layer_scale_2 - torch.Size([256]): 
The value is the same before and after calling `init_weights` of EncoderDecoder  

backbone.block4.0.norm1.weight - torch.Size([256]): 
The value is the same before and after calling `init_weights` of EncoderDecoder  

backbone.block4.0.norm1.bias - torch.Size([256]): 
The value is the same before and after calling `init_weights` of EncoderDecoder  

backbone.block4.0.attn.proj_1.weight - torch.Size([256, 256, 1, 1]): 
The value is the same before and after calling `init_weights` of EncoderDecoder  

backbone.block4.0.attn.proj_1.bias - torch.Size([256]): 
The value is the same before and after calling `init_weights` of EncoderDecoder  

backbone.block4.0.attn.spatial_gating_unit.conv0.weight - torch.Size([256, 1, 5, 5]): 
The value is the same before and after calling `init_weights` of EncoderDecoder  

backbone.block4.0.attn.spatial_gating_unit.conv0.bias - torch.Size([256]): 
The value is the same before and after calling `init_weights` of EncoderDecoder  

backbone.block4.0.attn.spatial_gating_unit.conv0_1.weight - torch.Size([256, 1, 1, 7]): 
The value is the same before and after calling `init_weights` of EncoderDecoder  

backbone.block4.0.attn.spatial_gating_unit.conv0_1.bias - torch.Size([256]): 
The value is the same before and after calling `init_weights` of EncoderDecoder  

backbone.block4.0.attn.spatial_gating_unit.conv0_2.weight - torch.Size([256, 1, 7, 1]): 
The value is the same before and after calling `init_weights` of EncoderDecoder  

backbone.block4.0.attn.spatial_gating_unit.conv0_2.bias - torch.Size([256]): 
The value is the same before and after calling `init_weights` of EncoderDecoder  

backbone.block4.0.attn.spatial_gating_unit.conv1_1.weight - torch.Size([256, 1, 1, 11]): 
The value is the same before and after calling `init_weights` of EncoderDecoder  

backbone.block4.0.attn.spatial_gating_unit.conv1_1.bias - torch.Size([256]): 
The value is the same before and after calling `init_weights` of EncoderDecoder  

backbone.block4.0.attn.spatial_gating_unit.conv1_2.weight - torch.Size([256, 1, 11, 1]): 
The value is the same before and after calling `init_weights` of EncoderDecoder  

backbone.block4.0.attn.spatial_gating_unit.conv1_2.bias - torch.Size([256]): 
The value is the same before and after calling `init_weights` of EncoderDecoder  

backbone.block4.0.attn.spatial_gating_unit.conv2_1.weight - torch.Size([256, 1, 1, 21]): 
The value is the same before and after calling `init_weights` of EncoderDecoder  

backbone.block4.0.attn.spatial_gating_unit.conv2_1.bias - torch.Size([256]): 
The value is the same before and after calling `init_weights` of EncoderDecoder  

backbone.block4.0.attn.spatial_gating_unit.conv2_2.weight - torch.Size([256, 1, 21, 1]): 
The value is the same before and after calling `init_weights` of EncoderDecoder  

backbone.block4.0.attn.spatial_gating_unit.conv2_2.bias - torch.Size([256]): 
The value is the same before and after calling `init_weights` of EncoderDecoder  

backbone.block4.0.attn.spatial_gating_unit.conv3.weight - torch.Size([256, 256, 1, 1]): 
The value is the same before and after calling `init_weights` of EncoderDecoder  

backbone.block4.0.attn.spatial_gating_unit.conv3.bias - torch.Size([256]): 
The value is the same before and after calling `init_weights` of EncoderDecoder  

backbone.block4.0.attn.proj_2.weight - torch.Size([256, 256, 1, 1]): 
The value is the same before and after calling `init_weights` of EncoderDecoder  

backbone.block4.0.attn.proj_2.bias - torch.Size([256]): 
The value is the same before and after calling `init_weights` of EncoderDecoder  

backbone.block4.0.norm2.weight - torch.Size([256]): 
The value is the same before and after calling `init_weights` of EncoderDecoder  

backbone.block4.0.norm2.bias - torch.Size([256]): 
The value is the same before and after calling `init_weights` of EncoderDecoder  

backbone.block4.0.mlp.fc1.weight - torch.Size([1024, 256, 1, 1]): 
The value is the same before and after calling `init_weights` of EncoderDecoder  

backbone.block4.0.mlp.fc1.bias - torch.Size([1024]): 
The value is the same before and after calling `init_weights` of EncoderDecoder  

backbone.block4.0.mlp.dwconv.dwconv.weight - torch.Size([1024, 1, 3, 3]): 
The value is the same before and after calling `init_weights` of EncoderDecoder  

backbone.block4.0.mlp.dwconv.dwconv.bias - torch.Size([1024]): 
The value is the same before and after calling `init_weights` of EncoderDecoder  

backbone.block4.0.mlp.fc2.weight - torch.Size([256, 1024, 1, 1]): 
The value is the same before and after calling `init_weights` of EncoderDecoder  

backbone.block4.0.mlp.fc2.bias - torch.Size([256]): 
The value is the same before and after calling `init_weights` of EncoderDecoder  

backbone.block4.1.layer_scale_1 - torch.Size([256]): 
The value is the same before and after calling `init_weights` of EncoderDecoder  

backbone.block4.1.layer_scale_2 - torch.Size([256]): 
The value is the same before and after calling `init_weights` of EncoderDecoder  

backbone.block4.1.norm1.weight - torch.Size([256]): 
The value is the same before and after calling `init_weights` of EncoderDecoder  

backbone.block4.1.norm1.bias - torch.Size([256]): 
The value is the same before and after calling `init_weights` of EncoderDecoder  

backbone.block4.1.attn.proj_1.weight - torch.Size([256, 256, 1, 1]): 
The value is the same before and after calling `init_weights` of EncoderDecoder  

backbone.block4.1.attn.proj_1.bias - torch.Size([256]): 
The value is the same before and after calling `init_weights` of EncoderDecoder  

backbone.block4.1.attn.spatial_gating_unit.conv0.weight - torch.Size([256, 1, 5, 5]): 
The value is the same before and after calling `init_weights` of EncoderDecoder  

backbone.block4.1.attn.spatial_gating_unit.conv0.bias - torch.Size([256]): 
The value is the same before and after calling `init_weights` of EncoderDecoder  

backbone.block4.1.attn.spatial_gating_unit.conv0_1.weight - torch.Size([256, 1, 1, 7]): 
The value is the same before and after calling `init_weights` of EncoderDecoder  

backbone.block4.1.attn.spatial_gating_unit.conv0_1.bias - torch.Size([256]): 
The value is the same before and after calling `init_weights` of EncoderDecoder  

backbone.block4.1.attn.spatial_gating_unit.conv0_2.weight - torch.Size([256, 1, 7, 1]): 
The value is the same before and after calling `init_weights` of EncoderDecoder  

backbone.block4.1.attn.spatial_gating_unit.conv0_2.bias - torch.Size([256]): 
The value is the same before and after calling `init_weights` of EncoderDecoder  

backbone.block4.1.attn.spatial_gating_unit.conv1_1.weight - torch.Size([256, 1, 1, 11]): 
The value is the same before and after calling `init_weights` of EncoderDecoder  

backbone.block4.1.attn.spatial_gating_unit.conv1_1.bias - torch.Size([256]): 
The value is the same before and after calling `init_weights` of EncoderDecoder  

backbone.block4.1.attn.spatial_gating_unit.conv1_2.weight - torch.Size([256, 1, 11, 1]): 
The value is the same before and after calling `init_weights` of EncoderDecoder  

backbone.block4.1.attn.spatial_gating_unit.conv1_2.bias - torch.Size([256]): 
The value is the same before and after calling `init_weights` of EncoderDecoder  

backbone.block4.1.attn.spatial_gating_unit.conv2_1.weight - torch.Size([256, 1, 1, 21]): 
The value is the same before and after calling `init_weights` of EncoderDecoder  

backbone.block4.1.attn.spatial_gating_unit.conv2_1.bias - torch.Size([256]): 
The value is the same before and after calling `init_weights` of EncoderDecoder  

backbone.block4.1.attn.spatial_gating_unit.conv2_2.weight - torch.Size([256, 1, 21, 1]): 
The value is the same before and after calling `init_weights` of EncoderDecoder  

backbone.block4.1.attn.spatial_gating_unit.conv2_2.bias - torch.Size([256]): 
The value is the same before and after calling `init_weights` of EncoderDecoder  

backbone.block4.1.attn.spatial_gating_unit.conv3.weight - torch.Size([256, 256, 1, 1]): 
The value is the same before and after calling `init_weights` of EncoderDecoder  

backbone.block4.1.attn.spatial_gating_unit.conv3.bias - torch.Size([256]): 
The value is the same before and after calling `init_weights` of EncoderDecoder  

backbone.block4.1.attn.proj_2.weight - torch.Size([256, 256, 1, 1]): 
The value is the same before and after calling `init_weights` of EncoderDecoder  

backbone.block4.1.attn.proj_2.bias - torch.Size([256]): 
The value is the same before and after calling `init_weights` of EncoderDecoder  

backbone.block4.1.norm2.weight - torch.Size([256]): 
The value is the same before and after calling `init_weights` of EncoderDecoder  

backbone.block4.1.norm2.bias - torch.Size([256]): 
The value is the same before and after calling `init_weights` of EncoderDecoder  

backbone.block4.1.mlp.fc1.weight - torch.Size([1024, 256, 1, 1]): 
The value is the same before and after calling `init_weights` of EncoderDecoder  

backbone.block4.1.mlp.fc1.bias - torch.Size([1024]): 
The value is the same before and after calling `init_weights` of EncoderDecoder  

backbone.block4.1.mlp.dwconv.dwconv.weight - torch.Size([1024, 1, 3, 3]): 
The value is the same before and after calling `init_weights` of EncoderDecoder  

backbone.block4.1.mlp.dwconv.dwconv.bias - torch.Size([1024]): 
The value is the same before and after calling `init_weights` of EncoderDecoder  

backbone.block4.1.mlp.fc2.weight - torch.Size([256, 1024, 1, 1]): 
The value is the same before and after calling `init_weights` of EncoderDecoder  

backbone.block4.1.mlp.fc2.bias - torch.Size([256]): 
The value is the same before and after calling `init_weights` of EncoderDecoder  

backbone.norm4.weight - torch.Size([256]): 
The value is the same before and after calling `init_weights` of EncoderDecoder  

backbone.norm4.bias - torch.Size([256]): 
The value is the same before and after calling `init_weights` of EncoderDecoder  

decode_head.conv_seg.weight - torch.Size([2, 256, 1, 1]): 
NormalInit: mean=0, std=0.01, bias=0 

decode_head.conv_seg.bias - torch.Size([2]): 
NormalInit: mean=0, std=0.01, bias=0 

decode_head.squeeze.conv.weight - torch.Size([256, 480, 1, 1]): 
Initialized by user-defined `init_weights` in ConvModule  

decode_head.squeeze.gn.weight - torch.Size([256]): 
The value is the same before and after calling `init_weights` of EncoderDecoder  

decode_head.squeeze.gn.bias - torch.Size([256]): 
The value is the same before and after calling `init_weights` of EncoderDecoder  

decode_head.hamburger.ham_in.conv.weight - torch.Size([256, 256, 1, 1]): 
The value is the same before and after calling `init_weights` of EncoderDecoder  

decode_head.hamburger.ham_in.conv.bias - torch.Size([256]): 
The value is the same before and after calling `init_weights` of EncoderDecoder  

decode_head.hamburger.ham_out.conv.weight - torch.Size([256, 256, 1, 1]): 
The value is the same before and after calling `init_weights` of EncoderDecoder  

decode_head.hamburger.ham_out.gn.weight - torch.Size([256]): 
The value is the same before and after calling `init_weights` of EncoderDecoder  

decode_head.hamburger.ham_out.gn.bias - torch.Size([256]): 
The value is the same before and after calling `init_weights` of EncoderDecoder  

decode_head.align.conv.weight - torch.Size([256, 256, 1, 1]): 
Initialized by user-defined `init_weights` in ConvModule  

decode_head.align.gn.weight - torch.Size([256]): 
The value is the same before and after calling `init_weights` of EncoderDecoder  

decode_head.align.gn.bias - torch.Size([256]): 
The value is the same before and after calling `init_weights` of EncoderDecoder  
2026-02-06 00:01:54,623 - mmseg - INFO - EncoderDecoder(
  (backbone): MSCAN(
    (patch_embed1): StemConv(
      (gauss_conv): GaussianBlur2D()
      (sobel_conv): SobelConv2D()
      (multi_dog): MultiScaleDoGEnhance(
        (dog_layers): ModuleList(
          (0): DoGEnhance()
          (1): DoGEnhance()
          (2): DoGEnhance()
        )
      )
      (proj): Sequential(
        (0): Conv2d(16, 16, kernel_size=(3, 3), stride=(2, 2), padding=(1, 1))
        (1): _BatchNormXd(16, eps=1e-05, momentum=0.1, affine=True, track_running_stats=True)
        (2): GELU(approximate='none')
        (3): Conv2d(16, 32, kernel_size=(3, 3), stride=(2, 2), padding=(1, 1))
        (4): _BatchNormXd(32, eps=1e-05, momentum=0.1, affine=True, track_running_stats=True)
      )
      (pixel_att): DepthwiseSeparableConv(
        (depthwise): Conv2d(3, 3, kernel_size=(3, 3), stride=(2, 2), padding=(1, 1), groups=3)
        (pooling): MaxPool2d(kernel_size=4, stride=4, padding=0, dilation=1, ceil_mode=False)
        (pointwise): Conv2d(3, 64, kernel_size=(1, 1), stride=(1, 1))
        (bn): BatchNorm2d(64, eps=1e-05, momentum=0.1, affine=True, track_running_stats=True)
        (relu): ReLU(inplace=True)
        (depthwise1): Conv2d(64, 64, kernel_size=(3, 3), stride=(2, 2), padding=(1, 1), groups=64)
        (pooling1): MaxPool2d(kernel_size=4, stride=4, padding=0, dilation=1, ceil_mode=False)
        (pointwise1): Conv2d(64, 32, kernel_size=(1, 1), stride=(1, 1))
        (bn1): BatchNorm2d(32, eps=1e-05, momentum=0.1, affine=True, track_running_stats=True)
        (relu1): ReLU(inplace=True)
      )
    )
    (block1): ModuleList(
      (0): Block(
        (norm1): _BatchNormXd(32, eps=1e-05, momentum=0.1, affine=True, track_running_stats=True)
        (attn): SpatialAttention(
          (proj_1): Conv2d(32, 32, kernel_size=(1, 1), stride=(1, 1))
          (activation): GELU(approximate='none')
          (spatial_gating_unit): AttentionModule(
            (conv0): Conv2d(32, 32, kernel_size=(5, 5), stride=(1, 1), padding=(2, 2), groups=32)
            (conv0_1): Conv2d(32, 32, kernel_size=(1, 7), stride=(1, 1), padding=(0, 3), groups=32)
            (conv0_2): Conv2d(32, 32, kernel_size=(7, 1), stride=(1, 1), padding=(3, 0), groups=32)
            (conv1_1): Conv2d(32, 32, kernel_size=(1, 11), stride=(1, 1), padding=(0, 5), groups=32)
            (conv1_2): Conv2d(32, 32, kernel_size=(11, 1), stride=(1, 1), padding=(5, 0), groups=32)
            (conv2_1): Conv2d(32, 32, kernel_size=(1, 21), stride=(1, 1), padding=(0, 10), groups=32)
            (conv2_2): Conv2d(32, 32, kernel_size=(21, 1), stride=(1, 1), padding=(10, 0), groups=32)
            (conv3): Conv2d(32, 32, kernel_size=(1, 1), stride=(1, 1))
          )
          (proj_2): Conv2d(32, 32, kernel_size=(1, 1), stride=(1, 1))
        )
        (drop_path): Identity()
        (norm2): _BatchNormXd(32, eps=1e-05, momentum=0.1, affine=True, track_running_stats=True)
        (mlp): Mlp(
          (fc1): Conv2d(32, 256, kernel_size=(1, 1), stride=(1, 1))
          (dwconv): DWConv(
            (dwconv): Conv2d(256, 256, kernel_size=(3, 3), stride=(1, 1), padding=(1, 1), groups=256)
          )
          (act): GELU(approximate='none')
          (fc2): Conv2d(256, 32, kernel_size=(1, 1), stride=(1, 1))
          (drop): Dropout(p=0.0, inplace=False)
        )
      )
      (1): Block(
        (norm1): _BatchNormXd(32, eps=1e-05, momentum=0.1, affine=True, track_running_stats=True)
        (attn): SpatialAttention(
          (proj_1): Conv2d(32, 32, kernel_size=(1, 1), stride=(1, 1))
          (activation): GELU(approximate='none')
          (spatial_gating_unit): AttentionModule(
            (conv0): Conv2d(32, 32, kernel_size=(5, 5), stride=(1, 1), padding=(2, 2), groups=32)
            (conv0_1): Conv2d(32, 32, kernel_size=(1, 7), stride=(1, 1), padding=(0, 3), groups=32)
            (conv0_2): Conv2d(32, 32, kernel_size=(7, 1), stride=(1, 1), padding=(3, 0), groups=32)
            (conv1_1): Conv2d(32, 32, kernel_size=(1, 11), stride=(1, 1), padding=(0, 5), groups=32)
            (conv1_2): Conv2d(32, 32, kernel_size=(11, 1), stride=(1, 1), padding=(5, 0), groups=32)
            (conv2_1): Conv2d(32, 32, kernel_size=(1, 21), stride=(1, 1), padding=(0, 10), groups=32)
            (conv2_2): Conv2d(32, 32, kernel_size=(21, 1), stride=(1, 1), padding=(10, 0), groups=32)
            (conv3): Conv2d(32, 32, kernel_size=(1, 1), stride=(1, 1))
          )
          (proj_2): Conv2d(32, 32, kernel_size=(1, 1), stride=(1, 1))
        )
        (drop_path): DropPath()
        (norm2): _BatchNormXd(32, eps=1e-05, momentum=0.1, affine=True, track_running_stats=True)
        (mlp): Mlp(
          (fc1): Conv2d(32, 256, kernel_size=(1, 1), stride=(1, 1))
          (dwconv): DWConv(
            (dwconv): Conv2d(256, 256, kernel_size=(3, 3), stride=(1, 1), padding=(1, 1), groups=256)
          )
          (act): GELU(approximate='none')
          (fc2): Conv2d(256, 32, kernel_size=(1, 1), stride=(1, 1))
          (drop): Dropout(p=0.0, inplace=False)
        )
      )
      (2): Block(
        (norm1): _BatchNormXd(32, eps=1e-05, momentum=0.1, affine=True, track_running_stats=True)
        (attn): SpatialAttention(
          (proj_1): Conv2d(32, 32, kernel_size=(1, 1), stride=(1, 1))
          (activation): GELU(approximate='none')
          (spatial_gating_unit): AttentionModule(
            (conv0): Conv2d(32, 32, kernel_size=(5, 5), stride=(1, 1), padding=(2, 2), groups=32)
            (conv0_1): Conv2d(32, 32, kernel_size=(1, 7), stride=(1, 1), padding=(0, 3), groups=32)
            (conv0_2): Conv2d(32, 32, kernel_size=(7, 1), stride=(1, 1), padding=(3, 0), groups=32)
            (conv1_1): Conv2d(32, 32, kernel_size=(1, 11), stride=(1, 1), padding=(0, 5), groups=32)
            (conv1_2): Conv2d(32, 32, kernel_size=(11, 1), stride=(1, 1), padding=(5, 0), groups=32)
            (conv2_1): Conv2d(32, 32, kernel_size=(1, 21), stride=(1, 1), padding=(0, 10), groups=32)
            (conv2_2): Conv2d(32, 32, kernel_size=(21, 1), stride=(1, 1), padding=(10, 0), groups=32)
            (conv3): Conv2d(32, 32, kernel_size=(1, 1), stride=(1, 1))
          )
          (proj_2): Conv2d(32, 32, kernel_size=(1, 1), stride=(1, 1))
        )
        (drop_path): DropPath()
        (norm2): _BatchNormXd(32, eps=1e-05, momentum=0.1, affine=True, track_running_stats=True)
        (mlp): Mlp(
          (fc1): Conv2d(32, 256, kernel_size=(1, 1), stride=(1, 1))
          (dwconv): DWConv(
            (dwconv): Conv2d(256, 256, kernel_size=(3, 3), stride=(1, 1), padding=(1, 1), groups=256)
          )
          (act): GELU(approximate='none')
          (fc2): Conv2d(256, 32, kernel_size=(1, 1), stride=(1, 1))
          (drop): Dropout(p=0.0, inplace=False)
        )
      )
    )
    (norm1): LayerNorm((32,), eps=1e-05, elementwise_affine=True)
    (patch_embed2): OverlapPatchEmbed(
      (proj): Conv2d(32, 64, kernel_size=(3, 3), stride=(2, 2), padding=(1, 1))
      (norm): _BatchNormXd(64, eps=1e-05, momentum=0.1, affine=True, track_running_stats=True)
    )
    (block2): ModuleList(
      (0): Block(
        (norm1): _BatchNormXd(64, eps=1e-05, momentum=0.1, affine=True, track_running_stats=True)
        (attn): SpatialAttention(
          (proj_1): Conv2d(64, 64, kernel_size=(1, 1), stride=(1, 1))
          (activation): GELU(approximate='none')
          (spatial_gating_unit): AttentionModule(
            (conv0): Conv2d(64, 64, kernel_size=(5, 5), stride=(1, 1), padding=(2, 2), groups=64)
            (conv0_1): Conv2d(64, 64, kernel_size=(1, 7), stride=(1, 1), padding=(0, 3), groups=64)
            (conv0_2): Conv2d(64, 64, kernel_size=(7, 1), stride=(1, 1), padding=(3, 0), groups=64)
            (conv1_1): Conv2d(64, 64, kernel_size=(1, 11), stride=(1, 1), padding=(0, 5), groups=64)
            (conv1_2): Conv2d(64, 64, kernel_size=(11, 1), stride=(1, 1), padding=(5, 0), groups=64)
            (conv2_1): Conv2d(64, 64, kernel_size=(1, 21), stride=(1, 1), padding=(0, 10), groups=64)
            (conv2_2): Conv2d(64, 64, kernel_size=(21, 1), stride=(1, 1), padding=(10, 0), groups=64)
            (conv3): Conv2d(64, 64, kernel_size=(1, 1), stride=(1, 1))
          )
          (proj_2): Conv2d(64, 64, kernel_size=(1, 1), stride=(1, 1))
        )
        (drop_path): DropPath()
        (norm2): _BatchNormXd(64, eps=1e-05, momentum=0.1, affine=True, track_running_stats=True)
        (mlp): Mlp(
          (fc1): Conv2d(64, 512, kernel_size=(1, 1), stride=(1, 1))
          (dwconv): DWConv(
            (dwconv): Conv2d(512, 512, kernel_size=(3, 3), stride=(1, 1), padding=(1, 1), groups=512)
          )
          (act): GELU(approximate='none')
          (fc2): Conv2d(512, 64, kernel_size=(1, 1), stride=(1, 1))
          (drop): Dropout(p=0.0, inplace=False)
        )
      )
      (1): Block(
        (norm1): _BatchNormXd(64, eps=1e-05, momentum=0.1, affine=True, track_running_stats=True)
        (attn): SpatialAttention(
          (proj_1): Conv2d(64, 64, kernel_size=(1, 1), stride=(1, 1))
          (activation): GELU(approximate='none')
          (spatial_gating_unit): AttentionModule(
            (conv0): Conv2d(64, 64, kernel_size=(5, 5), stride=(1, 1), padding=(2, 2), groups=64)
            (conv0_1): Conv2d(64, 64, kernel_size=(1, 7), stride=(1, 1), padding=(0, 3), groups=64)
            (conv0_2): Conv2d(64, 64, kernel_size=(7, 1), stride=(1, 1), padding=(3, 0), groups=64)
            (conv1_1): Conv2d(64, 64, kernel_size=(1, 11), stride=(1, 1), padding=(0, 5), groups=64)
            (conv1_2): Conv2d(64, 64, kernel_size=(11, 1), stride=(1, 1), padding=(5, 0), groups=64)
            (conv2_1): Conv2d(64, 64, kernel_size=(1, 21), stride=(1, 1), padding=(0, 10), groups=64)
            (conv2_2): Conv2d(64, 64, kernel_size=(21, 1), stride=(1, 1), padding=(10, 0), groups=64)
            (conv3): Conv2d(64, 64, kernel_size=(1, 1), stride=(1, 1))
          )
          (proj_2): Conv2d(64, 64, kernel_size=(1, 1), stride=(1, 1))
        )
        (drop_path): DropPath()
        (norm2): _BatchNormXd(64, eps=1e-05, momentum=0.1, affine=True, track_running_stats=True)
        (mlp): Mlp(
          (fc1): Conv2d(64, 512, kernel_size=(1, 1), stride=(1, 1))
          (dwconv): DWConv(
            (dwconv): Conv2d(512, 512, kernel_size=(3, 3), stride=(1, 1), padding=(1, 1), groups=512)
          )
          (act): GELU(approximate='none')
          (fc2): Conv2d(512, 64, kernel_size=(1, 1), stride=(1, 1))
          (drop): Dropout(p=0.0, inplace=False)
        )
      )
      (2): Block(
        (norm1): _BatchNormXd(64, eps=1e-05, momentum=0.1, affine=True, track_running_stats=True)
        (attn): SpatialAttention(
          (proj_1): Conv2d(64, 64, kernel_size=(1, 1), stride=(1, 1))
          (activation): GELU(approximate='none')
          (spatial_gating_unit): AttentionModule(
            (conv0): Conv2d(64, 64, kernel_size=(5, 5), stride=(1, 1), padding=(2, 2), groups=64)
            (conv0_1): Conv2d(64, 64, kernel_size=(1, 7), stride=(1, 1), padding=(0, 3), groups=64)
            (conv0_2): Conv2d(64, 64, kernel_size=(7, 1), stride=(1, 1), padding=(3, 0), groups=64)
            (conv1_1): Conv2d(64, 64, kernel_size=(1, 11), stride=(1, 1), padding=(0, 5), groups=64)
            (conv1_2): Conv2d(64, 64, kernel_size=(11, 1), stride=(1, 1), padding=(5, 0), groups=64)
            (conv2_1): Conv2d(64, 64, kernel_size=(1, 21), stride=(1, 1), padding=(0, 10), groups=64)
            (conv2_2): Conv2d(64, 64, kernel_size=(21, 1), stride=(1, 1), padding=(10, 0), groups=64)
            (conv3): Conv2d(64, 64, kernel_size=(1, 1), stride=(1, 1))
          )
          (proj_2): Conv2d(64, 64, kernel_size=(1, 1), stride=(1, 1))
        )
        (drop_path): DropPath()
        (norm2): _BatchNormXd(64, eps=1e-05, momentum=0.1, affine=True, track_running_stats=True)
        (mlp): Mlp(
          (fc1): Conv2d(64, 512, kernel_size=(1, 1), stride=(1, 1))
          (dwconv): DWConv(
            (dwconv): Conv2d(512, 512, kernel_size=(3, 3), stride=(1, 1), padding=(1, 1), groups=512)
          )
          (act): GELU(approximate='none')
          (fc2): Conv2d(512, 64, kernel_size=(1, 1), stride=(1, 1))
          (drop): Dropout(p=0.0, inplace=False)
        )
      )
    )
    (norm2): LayerNorm((64,), eps=1e-05, elementwise_affine=True)
    (patch_embed3): OverlapPatchEmbed(
      (proj): Conv2d(64, 160, kernel_size=(3, 3), stride=(2, 2), padding=(1, 1))
      (norm): _BatchNormXd(160, eps=1e-05, momentum=0.1, affine=True, track_running_stats=True)
    )
    (block3): ModuleList(
      (0): Block(
        (norm1): _BatchNormXd(160, eps=1e-05, momentum=0.1, affine=True, track_running_stats=True)
        (attn): SpatialAttention(
          (proj_1): Conv2d(160, 160, kernel_size=(1, 1), stride=(1, 1))
          (activation): GELU(approximate='none')
          (spatial_gating_unit): AttentionModule(
            (conv0): Conv2d(160, 160, kernel_size=(5, 5), stride=(1, 1), padding=(2, 2), groups=160)
            (conv0_1): Conv2d(160, 160, kernel_size=(1, 7), stride=(1, 1), padding=(0, 3), groups=160)
            (conv0_2): Conv2d(160, 160, kernel_size=(7, 1), stride=(1, 1), padding=(3, 0), groups=160)
            (conv1_1): Conv2d(160, 160, kernel_size=(1, 11), stride=(1, 1), padding=(0, 5), groups=160)
            (conv1_2): Conv2d(160, 160, kernel_size=(11, 1), stride=(1, 1), padding=(5, 0), groups=160)
            (conv2_1): Conv2d(160, 160, kernel_size=(1, 21), stride=(1, 1), padding=(0, 10), groups=160)
            (conv2_2): Conv2d(160, 160, kernel_size=(21, 1), stride=(1, 1), padding=(10, 0), groups=160)
            (conv3): Conv2d(160, 160, kernel_size=(1, 1), stride=(1, 1))
          )
          (proj_2): Conv2d(160, 160, kernel_size=(1, 1), stride=(1, 1))
        )
        (drop_path): DropPath()
        (norm2): _BatchNormXd(160, eps=1e-05, momentum=0.1, affine=True, track_running_stats=True)
        (mlp): Mlp(
          (fc1): Conv2d(160, 640, kernel_size=(1, 1), stride=(1, 1))
          (dwconv): DWConv(
            (dwconv): Conv2d(640, 640, kernel_size=(3, 3), stride=(1, 1), padding=(1, 1), groups=640)
          )
          (act): GELU(approximate='none')
          (fc2): Conv2d(640, 160, kernel_size=(1, 1), stride=(1, 1))
          (drop): Dropout(p=0.0, inplace=False)
        )
      )
      (1): Block(
        (norm1): _BatchNormXd(160, eps=1e-05, momentum=0.1, affine=True, track_running_stats=True)
        (attn): SpatialAttention(
          (proj_1): Conv2d(160, 160, kernel_size=(1, 1), stride=(1, 1))
          (activation): GELU(approximate='none')
          (spatial_gating_unit): AttentionModule(
            (conv0): Conv2d(160, 160, kernel_size=(5, 5), stride=(1, 1), padding=(2, 2), groups=160)
            (conv0_1): Conv2d(160, 160, kernel_size=(1, 7), stride=(1, 1), padding=(0, 3), groups=160)
            (conv0_2): Conv2d(160, 160, kernel_size=(7, 1), stride=(1, 1), padding=(3, 0), groups=160)
            (conv1_1): Conv2d(160, 160, kernel_size=(1, 11), stride=(1, 1), padding=(0, 5), groups=160)
            (conv1_2): Conv2d(160, 160, kernel_size=(11, 1), stride=(1, 1), padding=(5, 0), groups=160)
            (conv2_1): Conv2d(160, 160, kernel_size=(1, 21), stride=(1, 1), padding=(0, 10), groups=160)
            (conv2_2): Conv2d(160, 160, kernel_size=(21, 1), stride=(1, 1), padding=(10, 0), groups=160)
            (conv3): Conv2d(160, 160, kernel_size=(1, 1), stride=(1, 1))
          )
          (proj_2): Conv2d(160, 160, kernel_size=(1, 1), stride=(1, 1))
        )
        (drop_path): DropPath()
        (norm2): _BatchNormXd(160, eps=1e-05, momentum=0.1, affine=True, track_running_stats=True)
        (mlp): Mlp(
          (fc1): Conv2d(160, 640, kernel_size=(1, 1), stride=(1, 1))
          (dwconv): DWConv(
            (dwconv): Conv2d(640, 640, kernel_size=(3, 3), stride=(1, 1), padding=(1, 1), groups=640)
          )
          (act): GELU(approximate='none')
          (fc2): Conv2d(640, 160, kernel_size=(1, 1), stride=(1, 1))
          (drop): Dropout(p=0.0, inplace=False)
        )
      )
      (2): Block(
        (norm1): _BatchNormXd(160, eps=1e-05, momentum=0.1, affine=True, track_running_stats=True)
        (attn): SpatialAttention(
          (proj_1): Conv2d(160, 160, kernel_size=(1, 1), stride=(1, 1))
          (activation): GELU(approximate='none')
          (spatial_gating_unit): AttentionModule(
            (conv0): Conv2d(160, 160, kernel_size=(5, 5), stride=(1, 1), padding=(2, 2), groups=160)
            (conv0_1): Conv2d(160, 160, kernel_size=(1, 7), stride=(1, 1), padding=(0, 3), groups=160)
            (conv0_2): Conv2d(160, 160, kernel_size=(7, 1), stride=(1, 1), padding=(3, 0), groups=160)
            (conv1_1): Conv2d(160, 160, kernel_size=(1, 11), stride=(1, 1), padding=(0, 5), groups=160)
            (conv1_2): Conv2d(160, 160, kernel_size=(11, 1), stride=(1, 1), padding=(5, 0), groups=160)
            (conv2_1): Conv2d(160, 160, kernel_size=(1, 21), stride=(1, 1), padding=(0, 10), groups=160)
            (conv2_2): Conv2d(160, 160, kernel_size=(21, 1), stride=(1, 1), padding=(10, 0), groups=160)
            (conv3): Conv2d(160, 160, kernel_size=(1, 1), stride=(1, 1))
          )
          (proj_2): Conv2d(160, 160, kernel_size=(1, 1), stride=(1, 1))
        )
        (drop_path): DropPath()
        (norm2): _BatchNormXd(160, eps=1e-05, momentum=0.1, affine=True, track_running_stats=True)
        (mlp): Mlp(
          (fc1): Conv2d(160, 640, kernel_size=(1, 1), stride=(1, 1))
          (dwconv): DWConv(
            (dwconv): Conv2d(640, 640, kernel_size=(3, 3), stride=(1, 1), padding=(1, 1), groups=640)
          )
          (act): GELU(approximate='none')
          (fc2): Conv2d(640, 160, kernel_size=(1, 1), stride=(1, 1))
          (drop): Dropout(p=0.0, inplace=False)
        )
      )
      (3): Block(
        (norm1): _BatchNormXd(160, eps=1e-05, momentum=0.1, affine=True, track_running_stats=True)
        (attn): SpatialAttention(
          (proj_1): Conv2d(160, 160, kernel_size=(1, 1), stride=(1, 1))
          (activation): GELU(approximate='none')
          (spatial_gating_unit): AttentionModule(
            (conv0): Conv2d(160, 160, kernel_size=(5, 5), stride=(1, 1), padding=(2, 2), groups=160)
            (conv0_1): Conv2d(160, 160, kernel_size=(1, 7), stride=(1, 1), padding=(0, 3), groups=160)
            (conv0_2): Conv2d(160, 160, kernel_size=(7, 1), stride=(1, 1), padding=(3, 0), groups=160)
            (conv1_1): Conv2d(160, 160, kernel_size=(1, 11), stride=(1, 1), padding=(0, 5), groups=160)
            (conv1_2): Conv2d(160, 160, kernel_size=(11, 1), stride=(1, 1), padding=(5, 0), groups=160)
            (conv2_1): Conv2d(160, 160, kernel_size=(1, 21), stride=(1, 1), padding=(0, 10), groups=160)
            (conv2_2): Conv2d(160, 160, kernel_size=(21, 1), stride=(1, 1), padding=(10, 0), groups=160)
            (conv3): Conv2d(160, 160, kernel_size=(1, 1), stride=(1, 1))
          )
          (proj_2): Conv2d(160, 160, kernel_size=(1, 1), stride=(1, 1))
        )
        (drop_path): DropPath()
        (norm2): _BatchNormXd(160, eps=1e-05, momentum=0.1, affine=True, track_running_stats=True)
        (mlp): Mlp(
          (fc1): Conv2d(160, 640, kernel_size=(1, 1), stride=(1, 1))
          (dwconv): DWConv(
            (dwconv): Conv2d(640, 640, kernel_size=(3, 3), stride=(1, 1), padding=(1, 1), groups=640)
          )
          (act): GELU(approximate='none')
          (fc2): Conv2d(640, 160, kernel_size=(1, 1), stride=(1, 1))
          (drop): Dropout(p=0.0, inplace=False)
        )
      )
      (4): Block(
        (norm1): _BatchNormXd(160, eps=1e-05, momentum=0.1, affine=True, track_running_stats=True)
        (attn): SpatialAttention(
          (proj_1): Conv2d(160, 160, kernel_size=(1, 1), stride=(1, 1))
          (activation): GELU(approximate='none')
          (spatial_gating_unit): AttentionModule(
            (conv0): Conv2d(160, 160, kernel_size=(5, 5), stride=(1, 1), padding=(2, 2), groups=160)
            (conv0_1): Conv2d(160, 160, kernel_size=(1, 7), stride=(1, 1), padding=(0, 3), groups=160)
            (conv0_2): Conv2d(160, 160, kernel_size=(7, 1), stride=(1, 1), padding=(3, 0), groups=160)
            (conv1_1): Conv2d(160, 160, kernel_size=(1, 11), stride=(1, 1), padding=(0, 5), groups=160)
            (conv1_2): Conv2d(160, 160, kernel_size=(11, 1), stride=(1, 1), padding=(5, 0), groups=160)
            (conv2_1): Conv2d(160, 160, kernel_size=(1, 21), stride=(1, 1), padding=(0, 10), groups=160)
            (conv2_2): Conv2d(160, 160, kernel_size=(21, 1), stride=(1, 1), padding=(10, 0), groups=160)
            (conv3): Conv2d(160, 160, kernel_size=(1, 1), stride=(1, 1))
          )
          (proj_2): Conv2d(160, 160, kernel_size=(1, 1), stride=(1, 1))
        )
        (drop_path): DropPath()
        (norm2): _BatchNormXd(160, eps=1e-05, momentum=0.1, affine=True, track_running_stats=True)
        (mlp): Mlp(
          (fc1): Conv2d(160, 640, kernel_size=(1, 1), stride=(1, 1))
          (dwconv): DWConv(
            (dwconv): Conv2d(640, 640, kernel_size=(3, 3), stride=(1, 1), padding=(1, 1), groups=640)
          )
          (act): GELU(approximate='none')
          (fc2): Conv2d(640, 160, kernel_size=(1, 1), stride=(1, 1))
          (drop): Dropout(p=0.0, inplace=False)
        )
      )
    )
    (norm3): LayerNorm((160,), eps=1e-05, elementwise_affine=True)
    (patch_embed4): OverlapPatchEmbed(
      (proj): Conv2d(160, 256, kernel_size=(3, 3), stride=(2, 2), padding=(1, 1))
      (norm): _BatchNormXd(256, eps=1e-05, momentum=0.1, affine=True, track_running_stats=True)
    )
    (block4): ModuleList(
      (0): Block(
        (norm1): _BatchNormXd(256, eps=1e-05, momentum=0.1, affine=True, track_running_stats=True)
        (attn): SpatialAttention(
          (proj_1): Conv2d(256, 256, kernel_size=(1, 1), stride=(1, 1))
          (activation): GELU(approximate='none')
          (spatial_gating_unit): AttentionModule(
            (conv0): Conv2d(256, 256, kernel_size=(5, 5), stride=(1, 1), padding=(2, 2), groups=256)
            (conv0_1): Conv2d(256, 256, kernel_size=(1, 7), stride=(1, 1), padding=(0, 3), groups=256)
            (conv0_2): Conv2d(256, 256, kernel_size=(7, 1), stride=(1, 1), padding=(3, 0), groups=256)
            (conv1_1): Conv2d(256, 256, kernel_size=(1, 11), stride=(1, 1), padding=(0, 5), groups=256)
            (conv1_2): Conv2d(256, 256, kernel_size=(11, 1), stride=(1, 1), padding=(5, 0), groups=256)
            (conv2_1): Conv2d(256, 256, kernel_size=(1, 21), stride=(1, 1), padding=(0, 10), groups=256)
            (conv2_2): Conv2d(256, 256, kernel_size=(21, 1), stride=(1, 1), padding=(10, 0), groups=256)
            (conv3): Conv2d(256, 256, kernel_size=(1, 1), stride=(1, 1))
          )
          (proj_2): Conv2d(256, 256, kernel_size=(1, 1), stride=(1, 1))
        )
        (drop_path): DropPath()
        (norm2): _BatchNormXd(256, eps=1e-05, momentum=0.1, affine=True, track_running_stats=True)
        (mlp): Mlp(
          (fc1): Conv2d(256, 1024, kernel_size=(1, 1), stride=(1, 1))
          (dwconv): DWConv(
            (dwconv): Conv2d(1024, 1024, kernel_size=(3, 3), stride=(1, 1), padding=(1, 1), groups=1024)
          )
          (act): GELU(approximate='none')
          (fc2): Conv2d(1024, 256, kernel_size=(1, 1), stride=(1, 1))
          (drop): Dropout(p=0.0, inplace=False)
        )
      )
      (1): Block(
        (norm1): _BatchNormXd(256, eps=1e-05, momentum=0.1, affine=True, track_running_stats=True)
        (attn): SpatialAttention(
          (proj_1): Conv2d(256, 256, kernel_size=(1, 1), stride=(1, 1))
          (activation): GELU(approximate='none')
          (spatial_gating_unit): AttentionModule(
            (conv0): Conv2d(256, 256, kernel_size=(5, 5), stride=(1, 1), padding=(2, 2), groups=256)
            (conv0_1): Conv2d(256, 256, kernel_size=(1, 7), stride=(1, 1), padding=(0, 3), groups=256)
            (conv0_2): Conv2d(256, 256, kernel_size=(7, 1), stride=(1, 1), padding=(3, 0), groups=256)
            (conv1_1): Conv2d(256, 256, kernel_size=(1, 11), stride=(1, 1), padding=(0, 5), groups=256)
            (conv1_2): Conv2d(256, 256, kernel_size=(11, 1), stride=(1, 1), padding=(5, 0), groups=256)
            (conv2_1): Conv2d(256, 256, kernel_size=(1, 21), stride=(1, 1), padding=(0, 10), groups=256)
            (conv2_2): Conv2d(256, 256, kernel_size=(21, 1), stride=(1, 1), padding=(10, 0), groups=256)
            (conv3): Conv2d(256, 256, kernel_size=(1, 1), stride=(1, 1))
          )
          (proj_2): Conv2d(256, 256, kernel_size=(1, 1), stride=(1, 1))
        )
        (drop_path): DropPath()
        (norm2): _BatchNormXd(256, eps=1e-05, momentum=0.1, affine=True, track_running_stats=True)
        (mlp): Mlp(
          (fc1): Conv2d(256, 1024, kernel_size=(1, 1), stride=(1, 1))
          (dwconv): DWConv(
            (dwconv): Conv2d(1024, 1024, kernel_size=(3, 3), stride=(1, 1), padding=(1, 1), groups=1024)
          )
          (act): GELU(approximate='none')
          (fc2): Conv2d(1024, 256, kernel_size=(1, 1), stride=(1, 1))
          (drop): Dropout(p=0.0, inplace=False)
        )
      )
    )
    (norm4): LayerNorm((256,), eps=1e-05, elementwise_affine=True)
  )
  init_cfg={'type': 'Pretrained', 'checkpoint': 'pretrained/segnext_tiny_512x512_ade_160k.pth'}
  (decode_head): LightHamHead(
    input_transform=multiple_select, ignore_index=255, align_corners=False
    (loss_decode): ModuleList(
      (0): CrossEntropyLoss(avg_non_ignore=True)
      (1): FocalLoss()
    )
    (conv_seg): Conv2d(256, 2, kernel_size=(1, 1), stride=(1, 1))
    (dropout): Dropout2d(p=0.1, inplace=False)
    (squeeze): ConvModule(
      (conv): Conv2d(480, 256, kernel_size=(1, 1), stride=(1, 1), bias=False)
      (gn): GroupNorm(32, 256, eps=1e-05, affine=True)
      (activate): ReLU(inplace=True)
    )
    (hamburger): Hamburger(
      (ham_in): ConvModule(
        (conv): Conv2d(256, 256, kernel_size=(1, 1), stride=(1, 1))
      )
      (ham): NMF2D()
      (ham_out): ConvModule(
        (conv): Conv2d(256, 256, kernel_size=(1, 1), stride=(1, 1), bias=False)
        (gn): GroupNorm(32, 256, eps=1e-05, affine=True)
      )
    )
    (align): ConvModule(
      (conv): Conv2d(256, 256, kernel_size=(1, 1), stride=(1, 1), bias=False)
      (gn): GroupNorm(32, 256, eps=1e-05, affine=True)
      (activate): ReLU(inplace=True)
    )
  )
  init_cfg={'type': 'Normal', 'std': 0.01, 'override': {'name': 'conv_seg'}}
)
2026-02-06 00:01:54,660 - mmseg - INFO - Loaded 3807 images
2026-02-06 00:01:55,035 - mmseg - INFO - Loaded 1087 images
2026-02-06 00:01:55,035 - mmseg - INFO - Start running, host: yaogan103@Rom103, work_dir: /media/yaogan103/5C6410CF6410AE30/SegNext_0204/work_dirs/sanyi_mianzhen_gauss_sobelconv_512_20260203_finetune
2026-02-06 00:01:55,035 - mmseg - INFO - Hooks will be executed in the following order:
before_run:
(VERY_HIGH   ) PolyLrUpdaterHook                  
(NORMAL      ) CheckpointHook                     
(LOW         ) EvalHook                           
(VERY_LOW    ) TextLoggerHook                     
 -------------------- 
before_train_epoch:
(VERY_HIGH   ) PolyLrUpdaterHook                  
(LOW         ) IterTimerHook                      
(LOW         ) EvalHook                           
(VERY_LOW    ) TextLoggerHook                     
 -------------------- 
before_train_iter:
(VERY_HIGH   ) PolyLrUpdaterHook                  
(LOW         ) IterTimerHook                      
(LOW         ) EvalHook                           
 -------------------- 
after_train_iter:
(ABOVE_NORMAL) OptimizerHook                      
(NORMAL      ) CheckpointHook                     
(LOW         ) IterTimerHook                      
(LOW         ) EvalHook                           
(VERY_LOW    ) TextLoggerHook                     
 -------------------- 
after_train_epoch:
(NORMAL      ) CheckpointHook                     
(LOW         ) EvalHook                           
(VERY_LOW    ) TextLoggerHook                     
 -------------------- 
before_val_epoch:
(LOW         ) IterTimerHook                      
(VERY_LOW    ) TextLoggerHook                     
 -------------------- 
before_val_iter:
(LOW         ) IterTimerHook                      
 -------------------- 
after_val_iter:
(LOW         ) IterTimerHook                      
 -------------------- 
after_val_epoch:
(VERY_LOW    ) TextLoggerHook                     
 -------------------- 
after_run:
(VERY_LOW    ) TextLoggerHook                     
 -------------------- 
2026-02-06 00:01:55,035 - mmseg - INFO - workflow: [('train', 1)], max: 322000 iters
2026-02-06 00:01:55,035 - mmseg - INFO - Checkpoints will be saved to /media/yaogan103/5C6410CF6410AE30/SegNext_0204/work_dirs/sanyi_mianzhen_gauss_sobelconv_512_20260203_finetune by HardDiskBackend.
2026-02-06 00:09:21,934 - mmseg - INFO - Exp name: segnext.tiny.560x560_crack_160k.py
2026-02-06 00:09:21,934 - mmseg - INFO - Iter [1000/322000]	lr: 2.002e-05, eta: 1 day, 15:50:41, time: 0.447, data_time: 0.005, memory: 10267, decode.loss_ce: 0.3228, decode.loss_focal: 0.1109, decode.acc_seg: 94.2732, loss: 0.4337
2026-02-06 00:16:39,912 - mmseg - INFO - Exp name: segnext.tiny.560x560_crack_160k.py
2026-02-06 00:16:39,912 - mmseg - INFO - Iter [2000/322000]	lr: 4.015e-05, eta: 1 day, 15:19:33, time: 0.438, data_time: 0.005, memory: 10267, decode.loss_ce: 0.0460, decode.loss_focal: 0.0340, decode.acc_seg: 98.9551, loss: 0.0799
2026-02-06 00:23:54,643 - mmseg - INFO - Exp name: segnext.tiny.560x560_crack_160k.py
2026-02-06 00:23:54,643 - mmseg - INFO - Iter [3000/322000]	lr: 6.035e-05, eta: 1 day, 14:58:33, time: 0.435, data_time: 0.005, memory: 10267, decode.loss_ce: 0.0389, decode.loss_focal: 0.0286, decode.acc_seg: 99.0700, loss: 0.0675
2026-02-06 00:31:09,395 - mmseg - INFO - Exp name: segnext.tiny.560x560_crack_160k.py
2026-02-06 00:31:09,395 - mmseg - INFO - Iter [4000/322000]	lr: 6.050e-05, eta: 1 day, 14:44:27, time: 0.435, data_time: 0.005, memory: 10267, decode.loss_ce: 0.0340, decode.loss_focal: 0.0244, decode.acc_seg: 99.1504, loss: 0.0584
2026-02-06 00:38:24,045 - mmseg - INFO - Exp name: segnext.tiny.560x560_crack_160k.py
2026-02-06 00:38:24,045 - mmseg - INFO - Iter [5000/322000]	lr: 6.062e-05, eta: 1 day, 14:32:59, time: 0.435, data_time: 0.005, memory: 10267, decode.loss_ce: 0.0313, decode.loss_focal: 0.0221, decode.acc_seg: 99.1953, loss: 0.0535
2026-02-06 00:45:38,810 - mmseg - INFO - Exp name: segnext.tiny.560x560_crack_160k.py
2026-02-06 00:45:38,810 - mmseg - INFO - Iter [6000/322000]	lr: 6.075e-05, eta: 1 day, 14:23:02, time: 0.435, data_time: 0.005, memory: 10267, decode.loss_ce: 0.0289, decode.loss_focal: 0.0202, decode.acc_seg: 99.2429, loss: 0.0491
2026-02-06 00:52:53,581 - mmseg - INFO - Exp name: segnext.tiny.560x560_crack_160k.py
2026-02-06 00:52:53,581 - mmseg - INFO - Iter [7000/322000]	lr: 6.087e-05, eta: 1 day, 14:13:52, time: 0.435, data_time: 0.005, memory: 10267, decode.loss_ce: 0.0275, decode.loss_focal: 0.0190, decode.acc_seg: 99.2716, loss: 0.0465
2026-02-06 01:00:08,308 - mmseg - INFO - Exp name: segnext.tiny.560x560_crack_160k.py
2026-02-06 01:00:08,308 - mmseg - INFO - Iter [8000/322000]	lr: 6.099e-05, eta: 1 day, 14:05:08, time: 0.435, data_time: 0.005, memory: 10267, decode.loss_ce: 0.0257, decode.loss_focal: 0.0176, decode.acc_seg: 99.3166, loss: 0.0434
2026-02-06 01:07:22,970 - mmseg - INFO - Exp name: segnext.tiny.560x560_crack_160k.py
2026-02-06 01:07:22,970 - mmseg - INFO - Iter [9000/322000]	lr: 6.112e-05, eta: 1 day, 13:56:42, time: 0.435, data_time: 0.005, memory: 10267, decode.loss_ce: 0.0242, decode.loss_focal: 0.0165, decode.acc_seg: 99.3531, loss: 0.0408
2026-02-06 01:14:37,669 - mmseg - INFO - Exp name: segnext.tiny.560x560_crack_160k.py
2026-02-06 01:14:37,669 - mmseg - INFO - Iter [10000/322000]	lr: 6.124e-05, eta: 1 day, 13:48:32, time: 0.435, data_time: 0.005, memory: 10267, decode.loss_ce: 0.0230, decode.loss_focal: 0.0156, decode.acc_seg: 99.3839, loss: 0.0386
2026-02-06 01:21:52,460 - mmseg - INFO - Exp name: segnext.tiny.560x560_crack_160k.py
2026-02-06 01:21:52,460 - mmseg - INFO - Iter [11000/322000]	lr: 6.137e-05, eta: 1 day, 13:40:34, time: 0.435, data_time: 0.005, memory: 10267, decode.loss_ce: 0.0223, decode.loss_focal: 0.0151, decode.acc_seg: 99.4028, loss: 0.0374
2026-02-06 01:29:07,233 - mmseg - INFO - Exp name: segnext.tiny.560x560_crack_160k.py
2026-02-06 01:29:07,233 - mmseg - INFO - Iter [12000/322000]	lr: 6.149e-05, eta: 1 day, 13:32:43, time: 0.435, data_time: 0.005, memory: 10267, decode.loss_ce: 0.0214, decode.loss_focal: 0.0145, decode.acc_seg: 99.4279, loss: 0.0359
2026-02-06 01:36:21,900 - mmseg - INFO - Exp name: segnext.tiny.560x560_crack_160k.py
2026-02-06 01:36:21,900 - mmseg - INFO - Iter [13000/322000]	lr: 6.161e-05, eta: 1 day, 13:24:55, time: 0.435, data_time: 0.005, memory: 10267, decode.loss_ce: 0.0206, decode.loss_focal: 0.0139, decode.acc_seg: 99.4469, loss: 0.0345
2026-02-06 01:43:37,472 - mmseg - INFO - Exp name: segnext.tiny.560x560_crack_160k.py
2026-02-06 01:43:37,472 - mmseg - INFO - Iter [14000/322000]	lr: 6.174e-05, eta: 1 day, 13:17:31, time: 0.436, data_time: 0.005, memory: 10267, decode.loss_ce: 0.0200, decode.loss_focal: 0.0134, decode.acc_seg: 99.4616, loss: 0.0334
2026-02-06 01:50:51,746 - mmseg - INFO - Saving checkpoint at 15000 iterations
2026-02-06 01:50:51,832 - mmseg - INFO - Exp name: segnext.tiny.560x560_crack_160k.py
2026-02-06 01:50:51,832 - mmseg - INFO - Iter [15000/322000]	lr: 6.186e-05, eta: 1 day, 13:09:44, time: 0.434, data_time: 0.005, memory: 10267, decode.loss_ce: 0.0199, decode.loss_focal: 0.0134, decode.acc_seg: 99.4638, loss: 0.0333
2026-02-06 01:58:08,267 - mmseg - INFO - Exp name: segnext.tiny.560x560_crack_160k.py
2026-02-06 01:58:08,267 - mmseg - INFO - Iter [16000/322000]	lr: 6.199e-05, eta: 1 day, 13:02:41, time: 0.436, data_time: 0.007, memory: 10267, decode.loss_ce: 0.0191, decode.loss_focal: 0.0128, decode.acc_seg: 99.4820, loss: 0.0318
2026-02-06 02:05:22,562 - mmseg - INFO - Exp name: segnext.tiny.560x560_crack_160k.py
2026-02-06 02:05:22,562 - mmseg - INFO - Iter [17000/322000]	lr: 6.211e-05, eta: 1 day, 12:54:58, time: 0.434, data_time: 0.005, memory: 10267, decode.loss_ce: 0.0182, decode.loss_focal: 0.0121, decode.acc_seg: 99.5046, loss: 0.0304
2026-02-06 02:12:36,774 - mmseg - INFO - Exp name: segnext.tiny.560x560_crack_160k.py
2026-02-06 02:12:36,774 - mmseg - INFO - Iter [18000/322000]	lr: 6.224e-05, eta: 1 day, 12:47:16, time: 0.434, data_time: 0.005, memory: 10267, decode.loss_ce: 0.0181, decode.loss_focal: 0.0121, decode.acc_seg: 99.5090, loss: 0.0302
2026-02-06 02:19:50,985 - mmseg - INFO - Exp name: segnext.tiny.560x560_crack_160k.py
2026-02-06 02:19:50,985 - mmseg - INFO - Iter [19000/322000]	lr: 6.236e-05, eta: 1 day, 12:39:38, time: 0.434, data_time: 0.005, memory: 10267, decode.loss_ce: 0.0180, decode.loss_focal: 0.0119, decode.acc_seg: 99.5107, loss: 0.0299
2026-02-06 02:27:05,205 - mmseg - INFO - Exp name: segnext.tiny.560x560_crack_160k.py
2026-02-06 02:27:05,205 - mmseg - INFO - Iter [20000/322000]	lr: 6.248e-05, eta: 1 day, 12:32:02, time: 0.434, data_time: 0.004, memory: 10267, decode.loss_ce: 0.0171, decode.loss_focal: 0.0113, decode.acc_seg: 99.5314, loss: 0.0285
2026-02-06 02:34:19,460 - mmseg - INFO - Exp name: segnext.tiny.560x560_crack_160k.py
2026-02-06 02:34:19,460 - mmseg - INFO - Iter [21000/322000]	lr: 6.261e-05, eta: 1 day, 12:24:28, time: 0.434, data_time: 0.005, memory: 10267, decode.loss_ce: 0.0169, decode.loss_focal: 0.0111, decode.acc_seg: 99.5383, loss: 0.0280
2026-02-06 02:41:33,665 - mmseg - INFO - Exp name: segnext.tiny.560x560_crack_160k.py
2026-02-06 02:41:33,665 - mmseg - INFO - Iter [22000/322000]	lr: 6.273e-05, eta: 1 day, 12:16:56, time: 0.434, data_time: 0.004, memory: 10267, decode.loss_ce: 0.0165, decode.loss_focal: 0.0109, decode.acc_seg: 99.5466, loss: 0.0274
2026-02-06 02:48:47,816 - mmseg - INFO - Exp name: segnext.tiny.560x560_crack_160k.py
2026-02-06 02:48:47,816 - mmseg - INFO - Iter [23000/322000]	lr: 6.286e-05, eta: 1 day, 12:09:24, time: 0.434, data_time: 0.004, memory: 10267, decode.loss_ce: 0.0165, decode.loss_focal: 0.0109, decode.acc_seg: 99.5477, loss: 0.0274
2026-02-06 02:56:01,932 - mmseg - INFO - Exp name: segnext.tiny.560x560_crack_160k.py
2026-02-06 02:56:01,932 - mmseg - INFO - Iter [24000/322000]	lr: 6.298e-05, eta: 1 day, 12:01:54, time: 0.434, data_time: 0.004, memory: 10267, decode.loss_ce: 0.0157, decode.loss_focal: 0.0103, decode.acc_seg: 99.5677, loss: 0.0261
2026-02-06 03:03:16,120 - mmseg - INFO - Exp name: segnext.tiny.560x560_crack_160k.py
2026-02-06 03:03:16,120 - mmseg - INFO - Iter [25000/322000]	lr: 6.311e-05, eta: 1 day, 11:54:26, time: 0.434, data_time: 0.004, memory: 10267, decode.loss_ce: 0.0161, decode.loss_focal: 0.0106, decode.acc_seg: 99.5607, loss: 0.0267
2026-02-06 03:10:30,634 - mmseg - INFO - Exp name: segnext.tiny.560x560_crack_160k.py
2026-02-06 03:10:30,634 - mmseg - INFO - Iter [26000/322000]	lr: 6.323e-05, eta: 1 day, 11:47:02, time: 0.435, data_time: 0.005, memory: 10267, decode.loss_ce: 0.0156, decode.loss_focal: 0.0103, decode.acc_seg: 99.5726, loss: 0.0259
2026-02-06 03:17:44,780 - mmseg - INFO - Exp name: segnext.tiny.560x560_crack_160k.py
2026-02-06 03:17:44,781 - mmseg - INFO - Iter [27000/322000]	lr: 6.335e-05, eta: 1 day, 11:39:35, time: 0.434, data_time: 0.004, memory: 10267, decode.loss_ce: 0.0152, decode.loss_focal: 0.0099, decode.acc_seg: 99.5801, loss: 0.0251
2026-02-06 03:24:58,912 - mmseg - INFO - Exp name: segnext.tiny.560x560_crack_160k.py
2026-02-06 03:24:58,913 - mmseg - INFO - Iter [28000/322000]	lr: 6.348e-05, eta: 1 day, 11:32:09, time: 0.434, data_time: 0.004, memory: 10267, decode.loss_ce: 0.0152, decode.loss_focal: 0.0100, decode.acc_seg: 99.5806, loss: 0.0252
2026-02-06 03:32:13,103 - mmseg - INFO - Exp name: segnext.tiny.560x560_crack_160k.py
2026-02-06 03:32:13,104 - mmseg - INFO - Iter [29000/322000]	lr: 6.360e-05, eta: 1 day, 11:24:44, time: 0.434, data_time: 0.004, memory: 10267, decode.loss_ce: 0.0151, decode.loss_focal: 0.0099, decode.acc_seg: 99.5882, loss: 0.0250
2026-02-06 03:39:27,244 - mmseg - INFO - Saving checkpoint at 30000 iterations
2026-02-06 03:39:27,321 - mmseg - INFO - Exp name: segnext.tiny.560x560_crack_160k.py
2026-02-06 03:39:27,321 - mmseg - INFO - Iter [30000/322000]	lr: 6.373e-05, eta: 1 day, 11:17:21, time: 0.434, data_time: 0.004, memory: 10267, decode.loss_ce: 0.0148, decode.loss_focal: 0.0097, decode.acc_seg: 99.5881, loss: 0.0245
2026-02-06 03:46:41,472 - mmseg - INFO - Exp name: segnext.tiny.560x560_crack_160k.py
2026-02-06 03:46:41,473 - mmseg - INFO - Iter [31000/322000]	lr: 6.385e-05, eta: 1 day, 11:09:57, time: 0.434, data_time: 0.004, memory: 10267, decode.loss_ce: 0.0142, decode.loss_focal: 0.0093, decode.acc_seg: 99.6079, loss: 0.0235
2026-02-06 03:53:57,740 - mmseg - INFO - Exp name: segnext.tiny.560x560_crack_160k.py
2026-02-06 03:53:57,740 - mmseg - INFO - Iter [32000/322000]	lr: 6.398e-05, eta: 1 day, 11:02:53, time: 0.436, data_time: 0.007, memory: 10267, decode.loss_ce: 0.0141, decode.loss_focal: 0.0091, decode.acc_seg: 99.6082, loss: 0.0232
2026-02-06 04:01:11,862 - mmseg - INFO - Exp name: segnext.tiny.560x560_crack_160k.py
2026-02-06 04:01:11,862 - mmseg - INFO - Iter [33000/322000]	lr: 6.410e-05, eta: 1 day, 10:55:29, time: 0.434, data_time: 0.004, memory: 10267, decode.loss_ce: 0.0143, decode.loss_focal: 0.0092, decode.acc_seg: 99.6048, loss: 0.0235
2026-02-06 04:08:25,895 - mmseg - INFO - Exp name: segnext.tiny.560x560_crack_160k.py
2026-02-06 04:08:25,895 - mmseg - INFO - Iter [34000/322000]	lr: 6.422e-05, eta: 1 day, 10:48:06, time: 0.434, data_time: 0.004, memory: 10267, decode.loss_ce: 0.0138, decode.loss_focal: 0.0089, decode.acc_seg: 99.6155, loss: 0.0227
2026-02-06 04:15:40,009 - mmseg - INFO - Exp name: segnext.tiny.560x560_crack_160k.py
2026-02-06 04:15:40,009 - mmseg - INFO - Iter [35000/322000]	lr: 6.435e-05, eta: 1 day, 10:40:43, time: 0.434, data_time: 0.004, memory: 10267, decode.loss_ce: 0.0135, decode.loss_focal: 0.0088, decode.acc_seg: 99.6233, loss: 0.0223
2026-02-06 04:22:54,134 - mmseg - INFO - Exp name: segnext.tiny.560x560_crack_160k.py
2026-02-06 04:22:54,134 - mmseg - INFO - Iter [36000/322000]	lr: 6.447e-05, eta: 1 day, 10:33:21, time: 0.434, data_time: 0.004, memory: 10267, decode.loss_ce: 0.0136, decode.loss_focal: 0.0087, decode.acc_seg: 99.6209, loss: 0.0223
2026-02-06 04:30:08,295 - mmseg - INFO - Exp name: segnext.tiny.560x560_crack_160k.py
2026-02-06 04:30:08,295 - mmseg - INFO - Iter [37000/322000]	lr: 6.460e-05, eta: 1 day, 10:26:00, time: 0.434, data_time: 0.004, memory: 10267, decode.loss_ce: 0.0136, decode.loss_focal: 0.0088, decode.acc_seg: 99.6204, loss: 0.0224
2026-02-06 04:37:22,488 - mmseg - INFO - Exp name: segnext.tiny.560x560_crack_160k.py
2026-02-06 04:37:22,488 - mmseg - INFO - Iter [38000/322000]	lr: 6.472e-05, eta: 1 day, 10:18:39, time: 0.434, data_time: 0.005, memory: 10267, decode.loss_ce: 0.0132, decode.loss_focal: 0.0085, decode.acc_seg: 99.6315, loss: 0.0216
2026-02-06 04:44:36,664 - mmseg - INFO - Exp name: segnext.tiny.560x560_crack_160k.py
2026-02-06 04:44:36,664 - mmseg - INFO - Iter [39000/322000]	lr: 6.484e-05, eta: 1 day, 10:11:19, time: 0.434, data_time: 0.004, memory: 10267, decode.loss_ce: 0.0134, decode.loss_focal: 0.0086, decode.acc_seg: 99.6266, loss: 0.0220
2026-02-06 04:51:50,767 - mmseg - INFO - Exp name: segnext.tiny.560x560_crack_160k.py
2026-02-06 04:51:50,767 - mmseg - INFO - Iter [40000/322000]	lr: 6.497e-05, eta: 1 day, 10:03:58, time: 0.434, data_time: 0.004, memory: 10267, decode.loss_ce: 0.0132, decode.loss_focal: 0.0084, decode.acc_seg: 99.6323, loss: 0.0216
2026-02-06 04:59:04,842 - mmseg - INFO - Exp name: segnext.tiny.560x560_crack_160k.py
2026-02-06 04:59:04,842 - mmseg - INFO - Iter [41000/322000]	lr: 6.509e-05, eta: 1 day, 9:56:38, time: 0.434, data_time: 0.004, memory: 10267, decode.loss_ce: 0.0128, decode.loss_focal: 0.0082, decode.acc_seg: 99.6393, loss: 0.0211
2026-02-06 05:06:18,933 - mmseg - INFO - Exp name: segnext.tiny.560x560_crack_160k.py
2026-02-06 05:06:18,933 - mmseg - INFO - Iter [42000/322000]	lr: 6.522e-05, eta: 1 day, 9:49:18, time: 0.434, data_time: 0.004, memory: 10267, decode.loss_ce: 0.0128, decode.loss_focal: 0.0082, decode.acc_seg: 99.6406, loss: 0.0210
2026-02-06 05:13:32,999 - mmseg - INFO - Exp name: segnext.tiny.560x560_crack_160k.py
2026-02-06 05:13:32,999 - mmseg - INFO - Iter [43000/322000]	lr: 6.534e-05, eta: 1 day, 9:41:58, time: 0.434, data_time: 0.004, memory: 10267, decode.loss_ce: 0.0128, decode.loss_focal: 0.0082, decode.acc_seg: 99.6415, loss: 0.0209
2026-02-06 05:20:47,148 - mmseg - INFO - Exp name: segnext.tiny.560x560_crack_160k.py
2026-02-06 05:20:47,148 - mmseg - INFO - Iter [44000/322000]	lr: 6.547e-05, eta: 1 day, 9:34:39, time: 0.434, data_time: 0.004, memory: 10267, decode.loss_ce: 0.0127, decode.loss_focal: 0.0081, decode.acc_seg: 99.6432, loss: 0.0208
2026-02-06 05:28:01,262 - mmseg - INFO - Saving checkpoint at 45000 iterations
2026-02-06 05:28:01,339 - mmseg - INFO - Exp name: segnext.tiny.560x560_crack_160k.py
2026-02-06 05:28:01,339 - mmseg - INFO - Iter [45000/322000]	lr: 6.559e-05, eta: 1 day, 9:27:20, time: 0.434, data_time: 0.004, memory: 10267, decode.loss_ce: 0.0124, decode.loss_focal: 0.0079, decode.acc_seg: 99.6535, loss: 0.0203
2026-02-06 05:35:15,292 - mmseg - INFO - Exp name: segnext.tiny.560x560_crack_160k.py
2026-02-06 05:35:15,292 - mmseg - INFO - Iter [46000/322000]	lr: 6.571e-05, eta: 1 day, 9:20:00, time: 0.434, data_time: 0.004, memory: 10267, decode.loss_ce: 0.0123, decode.loss_focal: 0.0079, decode.acc_seg: 99.6558, loss: 0.0201
2026-02-06 05:42:29,273 - mmseg - INFO - Exp name: segnext.tiny.560x560_crack_160k.py
2026-02-06 05:42:29,273 - mmseg - INFO - Iter [47000/322000]	lr: 6.584e-05, eta: 1 day, 9:12:41, time: 0.434, data_time: 0.004, memory: 10267, decode.loss_ce: 0.0125, decode.loss_focal: 0.0079, decode.acc_seg: 99.6464, loss: 0.0204
2026-02-06 05:49:45,313 - mmseg - INFO - Exp name: segnext.tiny.560x560_crack_160k.py
2026-02-06 05:49:45,313 - mmseg - INFO - Iter [48000/322000]	lr: 6.596e-05, eta: 1 day, 9:05:33, time: 0.436, data_time: 0.007, memory: 10267, decode.loss_ce: 0.0123, decode.loss_focal: 0.0078, decode.acc_seg: 99.6545, loss: 0.0201
2026-02-06 05:56:59,186 - mmseg - INFO - Exp name: segnext.tiny.560x560_crack_160k.py
2026-02-06 05:56:59,186 - mmseg - INFO - Iter [49000/322000]	lr: 6.609e-05, eta: 1 day, 8:58:13, time: 0.434, data_time: 0.004, memory: 10267, decode.loss_ce: 0.0120, decode.loss_focal: 0.0076, decode.acc_seg: 99.6616, loss: 0.0196
2026-02-06 06:04:13,103 - mmseg - INFO - Exp name: segnext.tiny.560x560_crack_160k.py
2026-02-06 06:04:13,103 - mmseg - INFO - Iter [50000/322000]	lr: 6.621e-05, eta: 1 day, 8:50:54, time: 0.434, data_time: 0.004, memory: 10267, decode.loss_ce: 0.0120, decode.loss_focal: 0.0076, decode.acc_seg: 99.6611, loss: 0.0196
2026-02-06 06:11:27,056 - mmseg - INFO - Exp name: segnext.tiny.560x560_crack_160k.py
2026-02-06 06:11:27,056 - mmseg - INFO - Iter [51000/322000]	lr: 6.634e-05, eta: 1 day, 8:43:35, time: 0.434, data_time: 0.004, memory: 10267, decode.loss_ce: 0.0119, decode.loss_focal: 0.0075, decode.acc_seg: 99.6649, loss: 0.0194
2026-02-06 06:18:40,984 - mmseg - INFO - Exp name: segnext.tiny.560x560_crack_160k.py
2026-02-06 06:18:40,984 - mmseg - INFO - Iter [52000/322000]	lr: 6.646e-05, eta: 1 day, 8:36:16, time: 0.434, data_time: 0.004, memory: 10267, decode.loss_ce: 0.0118, decode.loss_focal: 0.0075, decode.acc_seg: 99.6673, loss: 0.0192
2026-02-06 06:25:54,961 - mmseg - INFO - Exp name: segnext.tiny.560x560_crack_160k.py
2026-02-06 06:25:54,961 - mmseg - INFO - Iter [53000/322000]	lr: 6.658e-05, eta: 1 day, 8:28:57, time: 0.434, data_time: 0.004, memory: 10267, decode.loss_ce: 0.0117, decode.loss_focal: 0.0074, decode.acc_seg: 99.6717, loss: 0.0191
2026-02-06 06:33:08,994 - mmseg - INFO - Exp name: segnext.tiny.560x560_crack_160k.py
2026-02-06 06:33:08,994 - mmseg - INFO - Iter [54000/322000]	lr: 6.671e-05, eta: 1 day, 8:21:39, time: 0.434, data_time: 0.004, memory: 10267, decode.loss_ce: 0.0116, decode.loss_focal: 0.0073, decode.acc_seg: 99.6711, loss: 0.0189
2026-02-06 06:40:22,949 - mmseg - INFO - Exp name: segnext.tiny.560x560_crack_160k.py
2026-02-06 06:40:22,949 - mmseg - INFO - Iter [55000/322000]	lr: 6.683e-05, eta: 1 day, 8:14:21, time: 0.434, data_time: 0.004, memory: 10267, decode.loss_ce: 0.0115, decode.loss_focal: 0.0073, decode.acc_seg: 99.6761, loss: 0.0188
2026-02-06 06:47:36,903 - mmseg - INFO - Exp name: segnext.tiny.560x560_crack_160k.py
2026-02-06 06:47:36,903 - mmseg - INFO - Iter [56000/322000]	lr: 6.696e-05, eta: 1 day, 8:07:03, time: 0.434, data_time: 0.004, memory: 10267, decode.loss_ce: 0.0115, decode.loss_focal: 0.0073, decode.acc_seg: 99.6744, loss: 0.0187
2026-02-06 06:54:50,805 - mmseg - INFO - Exp name: segnext.tiny.560x560_crack_160k.py
2026-02-06 06:54:50,805 - mmseg - INFO - Iter [57000/322000]	lr: 6.708e-05, eta: 1 day, 7:59:44, time: 0.434, data_time: 0.004, memory: 10267, decode.loss_ce: 0.0112, decode.loss_focal: 0.0070, decode.acc_seg: 99.6805, loss: 0.0183
2026-02-06 07:02:04,729 - mmseg - INFO - Exp name: segnext.tiny.560x560_crack_160k.py
2026-02-06 07:02:04,729 - mmseg - INFO - Iter [58000/322000]	lr: 6.720e-05, eta: 1 day, 7:52:26, time: 0.434, data_time: 0.004, memory: 10267, decode.loss_ce: 0.0110, decode.loss_focal: 0.0069, decode.acc_seg: 99.6839, loss: 0.0180
2026-02-06 07:09:18,737 - mmseg - INFO - Exp name: segnext.tiny.560x560_crack_160k.py
2026-02-06 07:09:18,737 - mmseg - INFO - Iter [59000/322000]	lr: 6.733e-05, eta: 1 day, 7:45:09, time: 0.434, data_time: 0.004, memory: 10267, decode.loss_ce: 0.0114, decode.loss_focal: 0.0072, decode.acc_seg: 99.6751, loss: 0.0186
2026-02-06 07:16:32,738 - mmseg - INFO - Saving checkpoint at 60000 iterations
2026-02-06 07:16:32,813 - mmseg - INFO - Exp name: segnext.tiny.560x560_crack_160k.py
2026-02-06 07:16:32,813 - mmseg - INFO - Iter [60000/322000]	lr: 6.745e-05, eta: 1 day, 7:37:52, time: 0.434, data_time: 0.004, memory: 10267, decode.loss_ce: 0.0112, decode.loss_focal: 0.0070, decode.acc_seg: 99.6797, loss: 0.0183
2026-02-06 07:23:46,793 - mmseg - INFO - Exp name: segnext.tiny.560x560_crack_160k.py
2026-02-06 07:23:46,793 - mmseg - INFO - Iter [61000/322000]	lr: 6.758e-05, eta: 1 day, 7:30:34, time: 0.434, data_time: 0.004, memory: 10267, decode.loss_ce: 0.0111, decode.loss_focal: 0.0070, decode.acc_seg: 99.6830, loss: 0.0180
2026-02-06 07:31:00,750 - mmseg - INFO - Exp name: segnext.tiny.560x560_crack_160k.py
2026-02-06 07:31:00,751 - mmseg - INFO - Iter [62000/322000]	lr: 6.770e-05, eta: 1 day, 7:23:17, time: 0.434, data_time: 0.004, memory: 10267, decode.loss_ce: 0.0109, decode.loss_focal: 0.0068, decode.acc_seg: 99.6895, loss: 0.0177
2026-02-06 07:38:14,795 - mmseg - INFO - Exp name: segnext.tiny.560x560_crack_160k.py
2026-02-06 07:38:14,795 - mmseg - INFO - Iter [63000/322000]	lr: 6.783e-05, eta: 1 day, 7:16:00, time: 0.434, data_time: 0.004, memory: 10267, decode.loss_ce: 0.0109, decode.loss_focal: 0.0068, decode.acc_seg: 99.6887, loss: 0.0177
2026-02-06 07:45:30,980 - mmseg - INFO - Exp name: segnext.tiny.560x560_crack_160k.py
2026-02-06 07:45:30,980 - mmseg - INFO - Iter [64000/322000]	lr: 6.795e-05, eta: 1 day, 7:08:52, time: 0.436, data_time: 0.007, memory: 10267, decode.loss_ce: 0.0109, decode.loss_focal: 0.0068, decode.acc_seg: 99.6898, loss: 0.0177
2026-02-06 07:52:44,990 - mmseg - INFO - Exp name: segnext.tiny.560x560_crack_160k.py
2026-02-06 07:52:44,990 - mmseg - INFO - Iter [65000/322000]	lr: 6.807e-05, eta: 1 day, 7:01:35, time: 0.434, data_time: 0.004, memory: 10267, decode.loss_ce: 0.0108, decode.loss_focal: 0.0068, decode.acc_seg: 99.6914, loss: 0.0175
2026-02-06 07:59:58,980 - mmseg - INFO - Exp name: segnext.tiny.560x560_crack_160k.py
2026-02-06 07:59:58,980 - mmseg - INFO - Iter [66000/322000]	lr: 6.820e-05, eta: 1 day, 6:54:18, time: 0.434, data_time: 0.004, memory: 10267, decode.loss_ce: 0.0108, decode.loss_focal: 0.0068, decode.acc_seg: 99.6907, loss: 0.0176
2026-02-06 08:07:12,960 - mmseg - INFO - Exp name: segnext.tiny.560x560_crack_160k.py
2026-02-06 08:07:12,960 - mmseg - INFO - Iter [67000/322000]	lr: 6.832e-05, eta: 1 day, 6:47:01, time: 0.434, data_time: 0.004, memory: 10267, decode.loss_ce: 0.0107, decode.loss_focal: 0.0067, decode.acc_seg: 99.6931, loss: 0.0175
2026-02-06 08:14:27,015 - mmseg - INFO - Exp name: segnext.tiny.560x560_crack_160k.py
2026-02-06 08:14:27,015 - mmseg - INFO - Iter [68000/322000]	lr: 6.845e-05, eta: 1 day, 6:39:44, time: 0.434, data_time: 0.004, memory: 10267, decode.loss_ce: 0.0104, decode.loss_focal: 0.0064, decode.acc_seg: 99.7013, loss: 0.0168
2026-02-06 08:21:40,992 - mmseg - INFO - Exp name: segnext.tiny.560x560_crack_160k.py
2026-02-06 08:21:40,992 - mmseg - INFO - Iter [69000/322000]	lr: 6.857e-05, eta: 1 day, 6:32:27, time: 0.434, data_time: 0.004, memory: 10267, decode.loss_ce: 0.0104, decode.loss_focal: 0.0065, decode.acc_seg: 99.7012, loss: 0.0169
2026-02-06 08:28:54,958 - mmseg - INFO - Exp name: segnext.tiny.560x560_crack_160k.py
2026-02-06 08:28:54,958 - mmseg - INFO - Iter [70000/322000]	lr: 6.870e-05, eta: 1 day, 6:25:10, time: 0.434, data_time: 0.004, memory: 10267, decode.loss_ce: 0.0104, decode.loss_focal: 0.0065, decode.acc_seg: 99.7027, loss: 0.0168
2026-02-06 08:36:08,917 - mmseg - INFO - Exp name: segnext.tiny.560x560_crack_160k.py
2026-02-06 08:36:08,917 - mmseg - INFO - Iter [71000/322000]	lr: 6.882e-05, eta: 1 day, 6:17:54, time: 0.434, data_time: 0.004, memory: 10267, decode.loss_ce: 0.0106, decode.loss_focal: 0.0066, decode.acc_seg: 99.6962, loss: 0.0171
2026-02-06 08:43:22,801 - mmseg - INFO - Exp name: segnext.tiny.560x560_crack_160k.py
2026-02-06 08:43:22,801 - mmseg - INFO - Iter [72000/322000]	lr: 6.894e-05, eta: 1 day, 6:10:37, time: 0.434, data_time: 0.004, memory: 10267, decode.loss_ce: 0.0101, decode.loss_focal: 0.0063, decode.acc_seg: 99.7090, loss: 0.0164
2026-02-06 08:50:36,758 - mmseg - INFO - Exp name: segnext.tiny.560x560_crack_160k.py
2026-02-06 08:50:36,758 - mmseg - INFO - Iter [73000/322000]	lr: 6.907e-05, eta: 1 day, 6:03:20, time: 0.434, data_time: 0.004, memory: 10267, decode.loss_ce: 0.0103, decode.loss_focal: 0.0064, decode.acc_seg: 99.7036, loss: 0.0167
2026-02-06 08:57:50,748 - mmseg - INFO - Exp name: segnext.tiny.560x560_crack_160k.py
2026-02-06 08:57:50,748 - mmseg - INFO - Iter [74000/322000]	lr: 6.919e-05, eta: 1 day, 5:56:04, time: 0.434, data_time: 0.004, memory: 10267, decode.loss_ce: 0.0103, decode.loss_focal: 0.0064, decode.acc_seg: 99.7035, loss: 0.0168
2026-02-06 09:05:04,669 - mmseg - INFO - Saving checkpoint at 75000 iterations
2026-02-06 09:05:04,746 - mmseg - INFO - Exp name: segnext.tiny.560x560_crack_160k.py
2026-02-06 09:05:04,746 - mmseg - INFO - Iter [75000/322000]	lr: 6.932e-05, eta: 1 day, 5:48:48, time: 0.434, data_time: 0.004, memory: 10267, decode.loss_ce: 0.0104, decode.loss_focal: 0.0064, decode.acc_seg: 99.7012, loss: 0.0168
2026-02-06 09:12:18,653 - mmseg - INFO - Exp name: segnext.tiny.560x560_crack_160k.py
2026-02-06 09:12:18,653 - mmseg - INFO - Iter [76000/322000]	lr: 6.944e-05, eta: 1 day, 5:41:31, time: 0.434, data_time: 0.004, memory: 10267, decode.loss_ce: 0.0101, decode.loss_focal: 0.0063, decode.acc_seg: 99.7103, loss: 0.0163
2026-02-06 09:19:32,602 - mmseg - INFO - Exp name: segnext.tiny.560x560_crack_160k.py
2026-02-06 09:19:32,602 - mmseg - INFO - Iter [77000/322000]	lr: 6.957e-05, eta: 1 day, 5:34:15, time: 0.434, data_time: 0.004, memory: 10267, decode.loss_ce: 0.0101, decode.loss_focal: 0.0062, decode.acc_seg: 99.7103, loss: 0.0163
2026-02-06 09:26:46,528 - mmseg - INFO - Exp name: segnext.tiny.560x560_crack_160k.py
2026-02-06 09:26:46,528 - mmseg - INFO - Iter [78000/322000]	lr: 6.969e-05, eta: 1 day, 5:26:58, time: 0.434, data_time: 0.004, memory: 10267, decode.loss_ce: 0.0100, decode.loss_focal: 0.0062, decode.acc_seg: 99.7112, loss: 0.0162
2026-02-06 09:34:00,466 - mmseg - INFO - Exp name: segnext.tiny.560x560_crack_160k.py
2026-02-06 09:34:00,466 - mmseg - INFO - Iter [79000/322000]	lr: 6.981e-05, eta: 1 day, 5:19:42, time: 0.434, data_time: 0.004, memory: 10267, decode.loss_ce: 0.0102, decode.loss_focal: 0.0063, decode.acc_seg: 99.7084, loss: 0.0165
2026-02-06 09:41:16,783 - mmseg - INFO - Exp name: segnext.tiny.560x560_crack_160k.py
2026-02-06 09:41:16,783 - mmseg - INFO - Iter [80000/322000]	lr: 6.994e-05, eta: 1 day, 5:12:33, time: 0.436, data_time: 0.007, memory: 10267, decode.loss_ce: 0.0098, decode.loss_focal: 0.0061, decode.acc_seg: 99.7173, loss: 0.0159
2026-02-06 09:48:30,934 - mmseg - INFO - Exp name: segnext.tiny.560x560_crack_160k.py
2026-02-06 09:48:30,934 - mmseg - INFO - Iter [81000/322000]	lr: 7.006e-05, eta: 1 day, 5:05:17, time: 0.434, data_time: 0.004, memory: 10267, decode.loss_ce: 0.0099, decode.loss_focal: 0.0062, decode.acc_seg: 99.7154, loss: 0.0161
2026-02-06 09:55:45,377 - mmseg - INFO - Exp name: segnext.tiny.560x560_crack_160k.py
2026-02-06 09:55:45,377 - mmseg - INFO - Iter [82000/322000]	lr: 7.019e-05, eta: 1 day, 4:58:03, time: 0.434, data_time: 0.004, memory: 10267, decode.loss_ce: 0.0097, decode.loss_focal: 0.0060, decode.acc_seg: 99.7183, loss: 0.0157
2026-02-06 10:03:00,670 - mmseg - INFO - Exp name: segnext.tiny.560x560_crack_160k.py
2026-02-06 10:03:00,670 - mmseg - INFO - Iter [83000/322000]	lr: 7.031e-05, eta: 1 day, 4:50:50, time: 0.435, data_time: 0.004, memory: 10267, decode.loss_ce: 0.0097, decode.loss_focal: 0.0060, decode.acc_seg: 99.7182, loss: 0.0158
2026-02-06 10:10:15,977 - mmseg - INFO - Exp name: segnext.tiny.560x560_crack_160k.py
2026-02-06 10:10:15,977 - mmseg - INFO - Iter [84000/322000]	lr: 7.043e-05, eta: 1 day, 4:43:38, time: 0.435, data_time: 0.004, memory: 10267, decode.loss_ce: 0.0098, decode.loss_focal: 0.0061, decode.acc_seg: 99.7173, loss: 0.0159
2026-02-06 10:17:31,867 - mmseg - INFO - Exp name: segnext.tiny.560x560_crack_160k.py
2026-02-06 10:17:31,867 - mmseg - INFO - Iter [85000/322000]	lr: 7.056e-05, eta: 1 day, 4:36:27, time: 0.436, data_time: 0.004, memory: 10267, decode.loss_ce: 0.0097, decode.loss_focal: 0.0060, decode.acc_seg: 99.7198, loss: 0.0156
2026-02-06 10:24:47,758 - mmseg - INFO - Exp name: segnext.tiny.560x560_crack_160k.py
2026-02-06 10:24:47,758 - mmseg - INFO - Iter [86000/322000]	lr: 7.068e-05, eta: 1 day, 4:29:17, time: 0.436, data_time: 0.004, memory: 10267, decode.loss_ce: 0.0096, decode.loss_focal: 0.0060, decode.acc_seg: 99.7216, loss: 0.0156
2026-02-06 10:32:03,539 - mmseg - INFO - Exp name: segnext.tiny.560x560_crack_160k.py
2026-02-06 10:32:03,539 - mmseg - INFO - Iter [87000/322000]	lr: 7.081e-05, eta: 1 day, 4:22:05, time: 0.436, data_time: 0.004, memory: 10267, decode.loss_ce: 0.0097, decode.loss_focal: 0.0060, decode.acc_seg: 99.7193, loss: 0.0158
2026-02-06 10:39:19,331 - mmseg - INFO - Exp name: segnext.tiny.560x560_crack_160k.py
2026-02-06 10:39:19,331 - mmseg - INFO - Iter [88000/322000]	lr: 7.093e-05, eta: 1 day, 4:14:54, time: 0.436, data_time: 0.004, memory: 10267, decode.loss_ce: 0.0097, decode.loss_focal: 0.0060, decode.acc_seg: 99.7176, loss: 0.0157
2026-02-06 10:46:35,135 - mmseg - INFO - Exp name: segnext.tiny.560x560_crack_160k.py
2026-02-06 10:46:35,135 - mmseg - INFO - Iter [89000/322000]	lr: 7.106e-05, eta: 1 day, 4:07:42, time: 0.436, data_time: 0.004, memory: 10267, decode.loss_ce: 0.0092, decode.loss_focal: 0.0057, decode.acc_seg: 99.7324, loss: 0.0149
2026-02-06 10:53:50,991 - mmseg - INFO - Saving checkpoint at 90000 iterations
2026-02-06 10:53:51,070 - mmseg - INFO - Exp name: segnext.tiny.560x560_crack_160k.py
2026-02-06 10:53:51,070 - mmseg - INFO - Iter [90000/322000]	lr: 7.118e-05, eta: 1 day, 4:00:31, time: 0.436, data_time: 0.004, memory: 10267, decode.loss_ce: 0.0092, decode.loss_focal: 0.0056, decode.acc_seg: 99.7318, loss: 0.0149
2026-02-06 11:01:06,010 - mmseg - INFO - Exp name: segnext.tiny.560x560_crack_160k.py
2026-02-06 11:01:06,010 - mmseg - INFO - Iter [91000/322000]	lr: 7.130e-05, eta: 1 day, 3:53:17, time: 0.435, data_time: 0.004, memory: 10267, decode.loss_ce: 0.0094, decode.loss_focal: 0.0058, decode.acc_seg: 99.7261, loss: 0.0152
2026-02-06 11:08:21,820 - mmseg - INFO - Exp name: segnext.tiny.560x560_crack_160k.py
2026-02-06 11:08:21,820 - mmseg - INFO - Iter [92000/322000]	lr: 7.143e-05, eta: 1 day, 3:46:06, time: 0.436, data_time: 0.004, memory: 10267, decode.loss_ce: 0.0094, decode.loss_focal: 0.0058, decode.acc_seg: 99.7273, loss: 0.0152
2026-02-06 11:15:37,653 - mmseg - INFO - Exp name: segnext.tiny.560x560_crack_160k.py
2026-02-06 11:15:37,653 - mmseg - INFO - Iter [93000/322000]	lr: 7.155e-05, eta: 1 day, 3:38:54, time: 0.436, data_time: 0.004, memory: 10267, decode.loss_ce: 0.0095, decode.loss_focal: 0.0058, decode.acc_seg: 99.7241, loss: 0.0153
2026-02-06 11:22:53,494 - mmseg - INFO - Exp name: segnext.tiny.560x560_crack_160k.py
2026-02-06 11:22:53,494 - mmseg - INFO - Iter [94000/322000]	lr: 7.168e-05, eta: 1 day, 3:31:42, time: 0.436, data_time: 0.004, memory: 10267, decode.loss_ce: 0.0091, decode.loss_focal: 0.0056, decode.acc_seg: 99.7327, loss: 0.0147
2026-02-06 11:30:09,304 - mmseg - INFO - Exp name: segnext.tiny.560x560_crack_160k.py
2026-02-06 11:30:09,304 - mmseg - INFO - Iter [95000/322000]	lr: 7.180e-05, eta: 1 day, 3:24:30, time: 0.436, data_time: 0.004, memory: 10267, decode.loss_ce: 0.0093, decode.loss_focal: 0.0056, decode.acc_seg: 99.7292, loss: 0.0149
2026-02-06 11:37:27,143 - mmseg - INFO - Exp name: segnext.tiny.560x560_crack_160k.py
2026-02-06 11:37:27,143 - mmseg - INFO - Iter [96000/322000]	lr: 7.193e-05, eta: 1 day, 3:17:23, time: 0.438, data_time: 0.007, memory: 10267, decode.loss_ce: 0.0094, decode.loss_focal: 0.0058, decode.acc_seg: 99.7270, loss: 0.0152
2026-02-06 11:44:42,816 - mmseg - INFO - Exp name: segnext.tiny.560x560_crack_160k.py
2026-02-06 11:44:42,816 - mmseg - INFO - Iter [97000/322000]	lr: 7.205e-05, eta: 1 day, 3:10:11, time: 0.436, data_time: 0.004, memory: 10267, decode.loss_ce: 0.0093, decode.loss_focal: 0.0057, decode.acc_seg: 99.7296, loss: 0.0150
2026-02-06 11:51:58,474 - mmseg - INFO - Exp name: segnext.tiny.560x560_crack_160k.py
2026-02-06 11:51:58,474 - mmseg - INFO - Iter [98000/322000]	lr: 7.217e-05, eta: 1 day, 3:02:58, time: 0.436, data_time: 0.004, memory: 10267, decode.loss_ce: 0.0090, decode.loss_focal: 0.0055, decode.acc_seg: 99.7371, loss: 0.0145
2026-02-06 11:59:14,122 - mmseg - INFO - Exp name: segnext.tiny.560x560_crack_160k.py
2026-02-06 11:59:14,122 - mmseg - INFO - Iter [99000/322000]	lr: 7.230e-05, eta: 1 day, 2:55:46, time: 0.436, data_time: 0.004, memory: 10267, decode.loss_ce: 0.0092, decode.loss_focal: 0.0056, decode.acc_seg: 99.7332, loss: 0.0148
2026-02-06 12:06:29,750 - mmseg - INFO - Exp name: segnext.tiny.560x560_crack_160k.py
2026-02-06 12:06:29,751 - mmseg - INFO - Iter [100000/322000]	lr: 7.242e-05, eta: 1 day, 2:48:33, time: 0.436, data_time: 0.004, memory: 10267, decode.loss_ce: 0.0091, decode.loss_focal: 0.0055, decode.acc_seg: 99.7336, loss: 0.0146
2026-02-06 12:13:45,397 - mmseg - INFO - Exp name: segnext.tiny.560x560_crack_160k.py
2026-02-06 12:13:45,398 - mmseg - INFO - Iter [101000/322000]	lr: 7.255e-05, eta: 1 day, 2:41:20, time: 0.436, data_time: 0.004, memory: 10267, decode.loss_ce: 0.0092, decode.loss_focal: 0.0056, decode.acc_seg: 99.7312, loss: 0.0148
2026-02-06 12:21:01,057 - mmseg - INFO - Exp name: segnext.tiny.560x560_crack_160k.py
2026-02-06 12:21:01,057 - mmseg - INFO - Iter [102000/322000]	lr: 7.267e-05, eta: 1 day, 2:34:07, time: 0.436, data_time: 0.004, memory: 10267, decode.loss_ce: 0.0089, decode.loss_focal: 0.0054, decode.acc_seg: 99.7396, loss: 0.0144
2026-02-06 12:28:16,698 - mmseg - INFO - Exp name: segnext.tiny.560x560_crack_160k.py
2026-02-06 12:28:16,698 - mmseg - INFO - Iter [103000/322000]	lr: 7.279e-05, eta: 1 day, 2:26:54, time: 0.436, data_time: 0.004, memory: 10267, decode.loss_ce: 0.0090, decode.loss_focal: 0.0055, decode.acc_seg: 99.7381, loss: 0.0144
2026-02-06 12:35:32,357 - mmseg - INFO - Exp name: segnext.tiny.560x560_crack_160k.py
2026-02-06 12:35:32,357 - mmseg - INFO - Iter [104000/322000]	lr: 7.292e-05, eta: 1 day, 2:19:41, time: 0.436, data_time: 0.004, memory: 10267, decode.loss_ce: 0.0091, decode.loss_focal: 0.0056, decode.acc_seg: 99.7363, loss: 0.0146
2026-02-06 12:42:48,038 - mmseg - INFO - Saving checkpoint at 105000 iterations
2026-02-06 12:42:48,123 - mmseg - INFO - Exp name: segnext.tiny.560x560_crack_160k.py
2026-02-06 12:42:48,123 - mmseg - INFO - Iter [105000/322000]	lr: 7.304e-05, eta: 1 day, 2:12:29, time: 0.436, data_time: 0.004, memory: 10267, decode.loss_ce: 0.0090, decode.loss_focal: 0.0055, decode.acc_seg: 99.7376, loss: 0.0145
2026-02-06 12:50:03,731 - mmseg - INFO - Exp name: segnext.tiny.560x560_crack_160k.py
2026-02-06 12:50:03,731 - mmseg - INFO - Iter [106000/322000]	lr: 7.317e-05, eta: 1 day, 2:05:15, time: 0.436, data_time: 0.004, memory: 10267, decode.loss_ce: 0.0089, decode.loss_focal: 0.0054, decode.acc_seg: 99.7421, loss: 0.0143
2026-02-06 12:57:19,432 - mmseg - INFO - Exp name: segnext.tiny.560x560_crack_160k.py
2026-02-06 12:57:19,432 - mmseg - INFO - Iter [107000/322000]	lr: 7.329e-05, eta: 1 day, 1:58:03, time: 0.436, data_time: 0.004, memory: 10267, decode.loss_ce: 0.0088, decode.loss_focal: 0.0053, decode.acc_seg: 99.7427, loss: 0.0141
2026-02-06 13:04:35,111 - mmseg - INFO - Exp name: segnext.tiny.560x560_crack_160k.py
2026-02-06 13:04:35,111 - mmseg - INFO - Iter [108000/322000]	lr: 7.342e-05, eta: 1 day, 1:50:49, time: 0.436, data_time: 0.004, memory: 10267, decode.loss_ce: 0.0088, decode.loss_focal: 0.0053, decode.acc_seg: 99.7424, loss: 0.0141
2026-02-06 13:11:50,762 - mmseg - INFO - Exp name: segnext.tiny.560x560_crack_160k.py
2026-02-06 13:11:50,763 - mmseg - INFO - Iter [109000/322000]	lr: 7.354e-05, eta: 1 day, 1:43:36, time: 0.436, data_time: 0.004, memory: 10267, decode.loss_ce: 0.0087, decode.loss_focal: 0.0053, decode.acc_seg: 99.7437, loss: 0.0140
2026-02-06 13:19:06,434 - mmseg - INFO - Exp name: segnext.tiny.560x560_crack_160k.py
2026-02-06 13:19:06,434 - mmseg - INFO - Iter [110000/322000]	lr: 7.366e-05, eta: 1 day, 1:36:23, time: 0.436, data_time: 0.004, memory: 10267, decode.loss_ce: 0.0087, decode.loss_focal: 0.0053, decode.acc_seg: 99.7456, loss: 0.0140
2026-02-06 13:26:22,055 - mmseg - INFO - Exp name: segnext.tiny.560x560_crack_160k.py
2026-02-06 13:26:22,055 - mmseg - INFO - Iter [111000/322000]	lr: 7.379e-05, eta: 1 day, 1:29:10, time: 0.436, data_time: 0.004, memory: 10267, decode.loss_ce: 0.0086, decode.loss_focal: 0.0052, decode.acc_seg: 99.7486, loss: 0.0138
2026-02-06 13:33:39,863 - mmseg - INFO - Exp name: segnext.tiny.560x560_crack_160k.py
2026-02-06 13:33:39,863 - mmseg - INFO - Iter [112000/322000]	lr: 7.391e-05, eta: 1 day, 1:22:00, time: 0.438, data_time: 0.007, memory: 10267, decode.loss_ce: 0.0085, decode.loss_focal: 0.0052, decode.acc_seg: 99.7499, loss: 0.0137
2026-02-06 13:40:55,559 - mmseg - INFO - Exp name: segnext.tiny.560x560_crack_160k.py
2026-02-06 13:40:55,559 - mmseg - INFO - Iter [113000/322000]	lr: 7.404e-05, eta: 1 day, 1:14:47, time: 0.436, data_time: 0.004, memory: 10267, decode.loss_ce: 0.0085, decode.loss_focal: 0.0051, decode.acc_seg: 99.7497, loss: 0.0137
2026-02-06 13:48:11,299 - mmseg - INFO - Exp name: segnext.tiny.560x560_crack_160k.py
2026-02-06 13:48:11,299 - mmseg - INFO - Iter [114000/322000]	lr: 7.416e-05, eta: 1 day, 1:07:34, time: 0.436, data_time: 0.004, memory: 10267, decode.loss_ce: 0.0086, decode.loss_focal: 0.0053, decode.acc_seg: 99.7482, loss: 0.0139
2026-02-06 13:55:27,031 - mmseg - INFO - Exp name: segnext.tiny.560x560_crack_160k.py
2026-02-06 13:55:27,031 - mmseg - INFO - Iter [115000/322000]	lr: 7.429e-05, eta: 1 day, 1:00:21, time: 0.436, data_time: 0.004, memory: 10267, decode.loss_ce: 0.0087, decode.loss_focal: 0.0053, decode.acc_seg: 99.7447, loss: 0.0140
2026-02-06 14:02:42,814 - mmseg - INFO - Exp name: segnext.tiny.560x560_crack_160k.py
2026-02-06 14:02:42,814 - mmseg - INFO - Iter [116000/322000]	lr: 7.441e-05, eta: 1 day, 0:53:07, time: 0.436, data_time: 0.004, memory: 10267, decode.loss_ce: 0.0085, decode.loss_focal: 0.0051, decode.acc_seg: 99.7522, loss: 0.0136
2026-02-06 14:09:58,492 - mmseg - INFO - Exp name: segnext.tiny.560x560_crack_160k.py
2026-02-06 14:09:58,492 - mmseg - INFO - Iter [117000/322000]	lr: 7.453e-05, eta: 1 day, 0:45:54, time: 0.436, data_time: 0.004, memory: 10267, decode.loss_ce: 0.0086, decode.loss_focal: 0.0052, decode.acc_seg: 99.7466, loss: 0.0138
2026-02-06 14:17:14,296 - mmseg - INFO - Exp name: segnext.tiny.560x560_crack_160k.py
2026-02-06 14:17:14,296 - mmseg - INFO - Iter [118000/322000]	lr: 7.466e-05, eta: 1 day, 0:38:40, time: 0.436, data_time: 0.004, memory: 10267, decode.loss_ce: 0.0087, decode.loss_focal: 0.0053, decode.acc_seg: 99.7457, loss: 0.0139
2026-02-06 14:24:29,963 - mmseg - INFO - Exp name: segnext.tiny.560x560_crack_160k.py
2026-02-06 14:24:29,963 - mmseg - INFO - Iter [119000/322000]	lr: 7.478e-05, eta: 1 day, 0:31:27, time: 0.436, data_time: 0.004, memory: 10267, decode.loss_ce: 0.0084, decode.loss_focal: 0.0051, decode.acc_seg: 99.7545, loss: 0.0135
2026-02-06 14:31:45,689 - mmseg - INFO - Saving checkpoint at 120000 iterations
2026-02-06 14:31:45,772 - mmseg - INFO - Exp name: segnext.tiny.560x560_crack_160k.py
2026-02-06 14:31:45,772 - mmseg - INFO - Iter [120000/322000]	lr: 7.491e-05, eta: 1 day, 0:24:13, time: 0.436, data_time: 0.004, memory: 10267, decode.loss_ce: 0.0085, decode.loss_focal: 0.0051, decode.acc_seg: 99.7517, loss: 0.0136
2026-02-06 14:39:01,414 - mmseg - INFO - Exp name: segnext.tiny.560x560_crack_160k.py
2026-02-06 14:39:01,414 - mmseg - INFO - Iter [121000/322000]	lr: 7.503e-05, eta: 1 day, 0:17:00, time: 0.436, data_time: 0.004, memory: 10267, decode.loss_ce: 0.0086, decode.loss_focal: 0.0053, decode.acc_seg: 99.7480, loss: 0.0139
2026-02-06 14:46:18,012 - mmseg - INFO - Exp name: segnext.tiny.560x560_crack_160k.py
2026-02-06 14:46:18,012 - mmseg - INFO - Iter [122000/322000]	lr: 7.516e-05, eta: 1 day, 0:09:47, time: 0.437, data_time: 0.004, memory: 10267, decode.loss_ce: 0.0084, decode.loss_focal: 0.0051, decode.acc_seg: 99.7519, loss: 0.0135
2026-02-06 14:53:48,057 - mmseg - INFO - Exp name: segnext.tiny.560x560_crack_160k.py
2026-02-06 14:53:48,057 - mmseg - INFO - Iter [123000/322000]	lr: 7.528e-05, eta: 1 day, 0:02:57, time: 0.450, data_time: 0.004, memory: 10267, decode.loss_ce: 0.0084, decode.loss_focal: 0.0051, decode.acc_seg: 99.7542, loss: 0.0134
2026-02-06 15:01:24,559 - mmseg - INFO - Exp name: segnext.tiny.560x560_crack_160k.py
2026-02-06 15:01:24,559 - mmseg - INFO - Iter [124000/322000]	lr: 7.540e-05, eta: 23:56:16, time: 0.457, data_time: 0.004, memory: 10267, decode.loss_ce: 0.0083, decode.loss_focal: 0.0050, decode.acc_seg: 99.7550, loss: 0.0133
2026-02-06 15:09:01,126 - mmseg - INFO - Exp name: segnext.tiny.560x560_crack_160k.py
2026-02-06 15:09:01,126 - mmseg - INFO - Iter [125000/322000]	lr: 7.553e-05, eta: 23:49:34, time: 0.457, data_time: 0.004, memory: 10267, decode.loss_ce: 0.0084, decode.loss_focal: 0.0051, decode.acc_seg: 99.7533, loss: 0.0134
2026-02-06 15:16:37,722 - mmseg - INFO - Exp name: segnext.tiny.560x560_crack_160k.py
2026-02-06 15:16:37,723 - mmseg - INFO - Iter [126000/322000]	lr: 7.565e-05, eta: 23:42:52, time: 0.457, data_time: 0.005, memory: 10267, decode.loss_ce: 0.0086, decode.loss_focal: 0.0052, decode.acc_seg: 99.7477, loss: 0.0138
2026-02-06 15:24:16,210 - mmseg - INFO - Exp name: segnext.tiny.560x560_crack_160k.py
2026-02-06 15:24:16,210 - mmseg - INFO - Iter [127000/322000]	lr: 7.578e-05, eta: 23:36:12, time: 0.458, data_time: 0.007, memory: 10267, decode.loss_ce: 0.0083, decode.loss_focal: 0.0050, decode.acc_seg: 99.7546, loss: 0.0133
2026-02-06 15:31:51,281 - mmseg - INFO - Exp name: segnext.tiny.560x560_crack_160k.py
2026-02-06 15:31:51,281 - mmseg - INFO - Iter [128000/322000]	lr: 7.590e-05, eta: 23:29:25, time: 0.455, data_time: 0.004, memory: 10267, decode.loss_ce: 0.0082, decode.loss_focal: 0.0049, decode.acc_seg: 99.7583, loss: 0.0130
2026-02-06 15:39:26,350 - mmseg - INFO - Exp name: segnext.tiny.560x560_crack_160k.py
2026-02-06 15:39:26,350 - mmseg - INFO - Iter [129000/322000]	lr: 7.602e-05, eta: 23:22:38, time: 0.455, data_time: 0.004, memory: 10267, decode.loss_ce: 0.0082, decode.loss_focal: 0.0050, decode.acc_seg: 99.7583, loss: 0.0132
2026-02-06 15:47:01,410 - mmseg - INFO - Exp name: segnext.tiny.560x560_crack_160k.py
2026-02-06 15:47:01,410 - mmseg - INFO - Iter [130000/322000]	lr: 7.615e-05, eta: 23:15:50, time: 0.455, data_time: 0.004, memory: 10267, decode.loss_ce: 0.0082, decode.loss_focal: 0.0050, decode.acc_seg: 99.7596, loss: 0.0131
2026-02-06 15:54:36,458 - mmseg - INFO - Exp name: segnext.tiny.560x560_crack_160k.py
2026-02-06 15:54:36,458 - mmseg - INFO - Iter [131000/322000]	lr: 7.627e-05, eta: 23:09:01, time: 0.455, data_time: 0.004, memory: 10267, decode.loss_ce: 0.0084, decode.loss_focal: 0.0051, decode.acc_seg: 99.7535, loss: 0.0134
2026-02-06 16:02:11,490 - mmseg - INFO - Exp name: segnext.tiny.560x560_crack_160k.py
2026-02-06 16:02:11,490 - mmseg - INFO - Iter [132000/322000]	lr: 7.640e-05, eta: 23:02:12, time: 0.455, data_time: 0.004, memory: 10267, decode.loss_ce: 0.0083, decode.loss_focal: 0.0050, decode.acc_seg: 99.7576, loss: 0.0133
2026-02-06 16:09:46,529 - mmseg - INFO - Exp name: segnext.tiny.560x560_crack_160k.py
2026-02-06 16:09:46,529 - mmseg - INFO - Iter [133000/322000]	lr: 7.652e-05, eta: 22:55:22, time: 0.455, data_time: 0.004, memory: 10267, decode.loss_ce: 0.0084, decode.loss_focal: 0.0051, decode.acc_seg: 99.7530, loss: 0.0134
2026-02-06 16:17:21,644 - mmseg - INFO - Exp name: segnext.tiny.560x560_crack_160k.py
2026-02-06 16:17:21,645 - mmseg - INFO - Iter [134000/322000]	lr: 7.665e-05, eta: 22:48:31, time: 0.455, data_time: 0.004, memory: 10267, decode.loss_ce: 0.0084, decode.loss_focal: 0.0051, decode.acc_seg: 99.7545, loss: 0.0134
2026-02-06 16:24:56,751 - mmseg - INFO - Saving checkpoint at 135000 iterations
2026-02-06 16:24:56,834 - mmseg - INFO - Exp name: segnext.tiny.560x560_crack_160k.py
2026-02-06 16:24:56,834 - mmseg - INFO - Iter [135000/322000]	lr: 7.677e-05, eta: 22:41:40, time: 0.455, data_time: 0.004, memory: 10267, decode.loss_ce: 0.0080, decode.loss_focal: 0.0048, decode.acc_seg: 99.7635, loss: 0.0127
2026-02-06 16:32:31,905 - mmseg - INFO - Exp name: segnext.tiny.560x560_crack_160k.py
2026-02-06 16:32:31,905 - mmseg - INFO - Iter [136000/322000]	lr: 7.689e-05, eta: 22:34:48, time: 0.455, data_time: 0.004, memory: 10267, decode.loss_ce: 0.0081, decode.loss_focal: 0.0049, decode.acc_seg: 99.7607, loss: 0.0129
2026-02-06 16:40:06,926 - mmseg - INFO - Exp name: segnext.tiny.560x560_crack_160k.py
2026-02-06 16:40:06,926 - mmseg - INFO - Iter [137000/322000]	lr: 7.702e-05, eta: 22:27:55, time: 0.455, data_time: 0.004, memory: 10267, decode.loss_ce: 0.0080, decode.loss_focal: 0.0048, decode.acc_seg: 99.7629, loss: 0.0128
2026-02-06 16:47:42,036 - mmseg - INFO - Exp name: segnext.tiny.560x560_crack_160k.py
2026-02-06 16:47:42,036 - mmseg - INFO - Iter [138000/322000]	lr: 7.714e-05, eta: 22:21:02, time: 0.455, data_time: 0.004, memory: 10267, decode.loss_ce: 0.0081, decode.loss_focal: 0.0049, decode.acc_seg: 99.7626, loss: 0.0130
2026-02-06 16:55:17,073 - mmseg - INFO - Exp name: segnext.tiny.560x560_crack_160k.py
2026-02-06 16:55:17,073 - mmseg - INFO - Iter [139000/322000]	lr: 7.727e-05, eta: 22:14:08, time: 0.455, data_time: 0.004, memory: 10267, decode.loss_ce: 0.0081, decode.loss_focal: 0.0049, decode.acc_seg: 99.7603, loss: 0.0130
2026-02-06 17:02:52,132 - mmseg - INFO - Exp name: segnext.tiny.560x560_crack_160k.py
2026-02-06 17:02:52,132 - mmseg - INFO - Iter [140000/322000]	lr: 7.739e-05, eta: 22:07:13, time: 0.455, data_time: 0.004, memory: 10267, decode.loss_ce: 0.0080, decode.loss_focal: 0.0048, decode.acc_seg: 99.7633, loss: 0.0129
2026-02-06 17:10:27,178 - mmseg - INFO - Exp name: segnext.tiny.560x560_crack_160k.py
2026-02-06 17:10:27,178 - mmseg - INFO - Iter [141000/322000]	lr: 7.752e-05, eta: 22:00:18, time: 0.455, data_time: 0.004, memory: 10267, decode.loss_ce: 0.0081, decode.loss_focal: 0.0049, decode.acc_seg: 99.7626, loss: 0.0129
2026-02-06 17:18:02,280 - mmseg - INFO - Exp name: segnext.tiny.560x560_crack_160k.py
2026-02-06 17:18:02,280 - mmseg - INFO - Iter [142000/322000]	lr: 7.764e-05, eta: 21:53:23, time: 0.455, data_time: 0.004, memory: 10267, decode.loss_ce: 0.0080, decode.loss_focal: 0.0048, decode.acc_seg: 99.7636, loss: 0.0127
2026-02-06 17:25:39,518 - mmseg - INFO - Exp name: segnext.tiny.560x560_crack_160k.py
2026-02-06 17:25:39,518 - mmseg - INFO - Iter [143000/322000]	lr: 7.776e-05, eta: 21:46:29, time: 0.457, data_time: 0.007, memory: 10267, decode.loss_ce: 0.0080, decode.loss_focal: 0.0048, decode.acc_seg: 99.7643, loss: 0.0128
2026-02-06 17:33:14,639 - mmseg - INFO - Exp name: segnext.tiny.560x560_crack_160k.py
2026-02-06 17:33:14,639 - mmseg - INFO - Iter [144000/322000]	lr: 7.789e-05, eta: 21:39:32, time: 0.455, data_time: 0.004, memory: 10267, decode.loss_ce: 0.0080, decode.loss_focal: 0.0048, decode.acc_seg: 99.7634, loss: 0.0128
2026-02-06 17:40:49,726 - mmseg - INFO - Exp name: segnext.tiny.560x560_crack_160k.py
2026-02-06 17:40:49,726 - mmseg - INFO - Iter [145000/322000]	lr: 7.801e-05, eta: 21:32:35, time: 0.455, data_time: 0.004, memory: 10267, decode.loss_ce: 0.0079, decode.loss_focal: 0.0047, decode.acc_seg: 99.7661, loss: 0.0126
2026-02-06 17:48:24,801 - mmseg - INFO - Exp name: segnext.tiny.560x560_crack_160k.py
2026-02-06 17:48:24,801 - mmseg - INFO - Iter [146000/322000]	lr: 7.814e-05, eta: 21:25:37, time: 0.455, data_time: 0.004, memory: 10267, decode.loss_ce: 0.0078, decode.loss_focal: 0.0046, decode.acc_seg: 99.7695, loss: 0.0124
2026-02-06 17:55:59,981 - mmseg - INFO - Exp name: segnext.tiny.560x560_crack_160k.py
2026-02-06 17:55:59,981 - mmseg - INFO - Iter [147000/322000]	lr: 7.826e-05, eta: 21:18:39, time: 0.455, data_time: 0.004, memory: 10267, decode.loss_ce: 0.0080, decode.loss_focal: 0.0048, decode.acc_seg: 99.7628, loss: 0.0129
2026-02-06 18:03:35,145 - mmseg - INFO - Exp name: segnext.tiny.560x560_crack_160k.py
2026-02-06 18:03:35,145 - mmseg - INFO - Iter [148000/322000]	lr: 7.838e-05, eta: 21:11:41, time: 0.455, data_time: 0.004, memory: 10267, decode.loss_ce: 0.0079, decode.loss_focal: 0.0047, decode.acc_seg: 99.7679, loss: 0.0126
2026-02-06 18:11:10,282 - mmseg - INFO - Exp name: segnext.tiny.560x560_crack_160k.py
2026-02-06 18:11:10,282 - mmseg - INFO - Iter [149000/322000]	lr: 7.851e-05, eta: 21:04:41, time: 0.455, data_time: 0.004, memory: 10267, decode.loss_ce: 0.0079, decode.loss_focal: 0.0047, decode.acc_seg: 99.7666, loss: 0.0126
2026-02-06 18:18:45,408 - mmseg - INFO - Saving checkpoint at 150000 iterations
2026-02-06 18:18:45,548 - mmseg - INFO - Exp name: segnext.tiny.560x560_crack_160k.py
2026-02-06 18:18:45,548 - mmseg - INFO - Iter [150000/322000]	lr: 7.863e-05, eta: 20:57:42, time: 0.455, data_time: 0.004, memory: 10267, decode.loss_ce: 0.0079, decode.loss_focal: 0.0047, decode.acc_seg: 99.7662, loss: 0.0126
2026-02-06 18:26:20,750 - mmseg - INFO - Exp name: segnext.tiny.560x560_crack_160k.py
2026-02-06 18:26:20,750 - mmseg - INFO - Iter [151000/322000]	lr: 7.876e-05, eta: 20:50:42, time: 0.455, data_time: 0.004, memory: 10267, decode.loss_ce: 0.0077, decode.loss_focal: 0.0046, decode.acc_seg: 99.7718, loss: 0.0123
2026-02-06 18:33:55,874 - mmseg - INFO - Exp name: segnext.tiny.560x560_crack_160k.py
2026-02-06 18:33:55,874 - mmseg - INFO - Iter [152000/322000]	lr: 7.888e-05, eta: 20:43:41, time: 0.455, data_time: 0.004, memory: 10267, decode.loss_ce: 0.0077, decode.loss_focal: 0.0046, decode.acc_seg: 99.7716, loss: 0.0123
2026-02-06 18:41:30,996 - mmseg - INFO - Exp name: segnext.tiny.560x560_crack_160k.py
2026-02-06 18:41:30,996 - mmseg - INFO - Iter [153000/322000]	lr: 7.901e-05, eta: 20:36:40, time: 0.455, data_time: 0.004, memory: 10267, decode.loss_ce: 0.0079, decode.loss_focal: 0.0047, decode.acc_seg: 99.7663, loss: 0.0127
2026-02-06 18:49:06,120 - mmseg - INFO - Exp name: segnext.tiny.560x560_crack_160k.py
2026-02-06 18:49:06,120 - mmseg - INFO - Iter [154000/322000]	lr: 7.913e-05, eta: 20:29:38, time: 0.455, data_time: 0.004, memory: 10267, decode.loss_ce: 0.0081, decode.loss_focal: 0.0048, decode.acc_seg: 99.7612, loss: 0.0129
2026-02-06 18:56:41,217 - mmseg - INFO - Exp name: segnext.tiny.560x560_crack_160k.py
2026-02-06 18:56:41,217 - mmseg - INFO - Iter [155000/322000]	lr: 7.925e-05, eta: 20:22:36, time: 0.455, data_time: 0.004, memory: 10267, decode.loss_ce: 0.0077, decode.loss_focal: 0.0046, decode.acc_seg: 99.7718, loss: 0.0123
2026-02-06 19:04:16,273 - mmseg - INFO - Exp name: segnext.tiny.560x560_crack_160k.py
2026-02-06 19:04:16,273 - mmseg - INFO - Iter [156000/322000]	lr: 7.938e-05, eta: 20:15:34, time: 0.455, data_time: 0.004, memory: 10267, decode.loss_ce: 0.0077, decode.loss_focal: 0.0046, decode.acc_seg: 99.7722, loss: 0.0123
2026-02-06 19:11:51,374 - mmseg - INFO - Exp name: segnext.tiny.560x560_crack_160k.py
2026-02-06 19:11:51,375 - mmseg - INFO - Iter [157000/322000]	lr: 7.950e-05, eta: 20:08:31, time: 0.455, data_time: 0.004, memory: 10267, decode.loss_ce: 0.0075, decode.loss_focal: 0.0045, decode.acc_seg: 99.7765, loss: 0.0120
2026-02-06 19:19:26,475 - mmseg - INFO - Exp name: segnext.tiny.560x560_crack_160k.py
2026-02-06 19:19:26,475 - mmseg - INFO - Iter [158000/322000]	lr: 7.963e-05, eta: 20:01:28, time: 0.455, data_time: 0.004, memory: 10267, decode.loss_ce: 0.0075, decode.loss_focal: 0.0045, decode.acc_seg: 99.7753, loss: 0.0120
2026-02-06 19:27:03,787 - mmseg - INFO - Exp name: segnext.tiny.560x560_crack_160k.py
2026-02-06 19:27:03,787 - mmseg - INFO - Iter [159000/322000]	lr: 7.975e-05, eta: 19:54:27, time: 0.457, data_time: 0.007, memory: 10267, decode.loss_ce: 0.0077, decode.loss_focal: 0.0046, decode.acc_seg: 99.7729, loss: 0.0122
2026-02-06 19:34:38,858 - mmseg - INFO - Exp name: segnext.tiny.560x560_crack_160k.py
2026-02-06 19:34:38,858 - mmseg - INFO - Iter [160000/322000]	lr: 7.988e-05, eta: 19:47:22, time: 0.455, data_time: 0.004, memory: 10267, decode.loss_ce: 0.0075, decode.loss_focal: 0.0045, decode.acc_seg: 99.7776, loss: 0.0120
2026-02-06 19:42:14,029 - mmseg - INFO - Exp name: segnext.tiny.560x560_crack_160k.py
2026-02-06 19:42:14,029 - mmseg - INFO - Iter [161000/322000]	lr: 8.000e-05, eta: 19:40:18, time: 0.455, data_time: 0.004, memory: 10267, decode.loss_ce: 0.0075, decode.loss_focal: 0.0045, decode.acc_seg: 99.7749, loss: 0.0120
2026-02-06 19:49:49,316 - mmseg - INFO - Exp name: segnext.tiny.560x560_crack_160k.py
2026-02-06 19:49:49,316 - mmseg - INFO - Iter [162000/322000]	lr: 8.012e-05, eta: 19:33:13, time: 0.455, data_time: 0.005, memory: 10267, decode.loss_ce: 0.0077, decode.loss_focal: 0.0046, decode.acc_seg: 99.7707, loss: 0.0123
2026-02-06 19:57:24,571 - mmseg - INFO - Exp name: segnext.tiny.560x560_crack_160k.py
2026-02-06 19:57:24,571 - mmseg - INFO - Iter [163000/322000]	lr: 8.025e-05, eta: 19:26:08, time: 0.455, data_time: 0.005, memory: 10267, decode.loss_ce: 0.0077, decode.loss_focal: 0.0046, decode.acc_seg: 99.7716, loss: 0.0123
2026-02-06 20:04:59,846 - mmseg - INFO - Exp name: segnext.tiny.560x560_crack_160k.py
2026-02-06 20:04:59,846 - mmseg - INFO - Iter [164000/322000]	lr: 8.037e-05, eta: 19:19:03, time: 0.455, data_time: 0.005, memory: 10267, decode.loss_ce: 0.0076, decode.loss_focal: 0.0046, decode.acc_seg: 99.7734, loss: 0.0122
2026-02-06 20:12:35,075 - mmseg - INFO - Saving checkpoint at 165000 iterations
2026-02-06 20:12:35,158 - mmseg - INFO - Exp name: segnext.tiny.560x560_crack_160k.py
2026-02-06 20:12:35,158 - mmseg - INFO - Iter [165000/322000]	lr: 8.050e-05, eta: 19:11:57, time: 0.455, data_time: 0.005, memory: 10267, decode.loss_ce: 0.0075, decode.loss_focal: 0.0045, decode.acc_seg: 99.7761, loss: 0.0120
2026-02-06 20:20:10,353 - mmseg - INFO - Exp name: segnext.tiny.560x560_crack_160k.py
2026-02-06 20:20:10,353 - mmseg - INFO - Iter [166000/322000]	lr: 8.062e-05, eta: 19:04:51, time: 0.455, data_time: 0.004, memory: 10267, decode.loss_ce: 0.0076, decode.loss_focal: 0.0045, decode.acc_seg: 99.7747, loss: 0.0121
2026-02-06 20:27:45,544 - mmseg - INFO - Exp name: segnext.tiny.560x560_crack_160k.py
2026-02-06 20:27:45,544 - mmseg - INFO - Iter [167000/322000]	lr: 8.075e-05, eta: 18:57:45, time: 0.455, data_time: 0.004, memory: 10267, decode.loss_ce: 0.0075, decode.loss_focal: 0.0044, decode.acc_seg: 99.7762, loss: 0.0119
2026-02-06 20:35:20,726 - mmseg - INFO - Exp name: segnext.tiny.560x560_crack_160k.py
2026-02-06 20:35:20,726 - mmseg - INFO - Iter [168000/322000]	lr: 8.087e-05, eta: 18:50:38, time: 0.455, data_time: 0.004, memory: 10267, decode.loss_ce: 0.0074, decode.loss_focal: 0.0044, decode.acc_seg: 99.7791, loss: 0.0118
2026-02-06 20:42:55,993 - mmseg - INFO - Exp name: segnext.tiny.560x560_crack_160k.py
2026-02-06 20:42:55,994 - mmseg - INFO - Iter [169000/322000]	lr: 8.099e-05, eta: 18:43:30, time: 0.455, data_time: 0.005, memory: 10267, decode.loss_ce: 0.0075, decode.loss_focal: 0.0045, decode.acc_seg: 99.7763, loss: 0.0120
2026-02-06 20:50:31,229 - mmseg - INFO - Exp name: segnext.tiny.560x560_crack_160k.py
2026-02-06 20:50:31,229 - mmseg - INFO - Iter [170000/322000]	lr: 8.112e-05, eta: 18:36:23, time: 0.455, data_time: 0.004, memory: 10267, decode.loss_ce: 0.0075, decode.loss_focal: 0.0044, decode.acc_seg: 99.7763, loss: 0.0119
2026-02-06 20:58:06,500 - mmseg - INFO - Exp name: segnext.tiny.560x560_crack_160k.py
2026-02-06 20:58:06,500 - mmseg - INFO - Iter [171000/322000]	lr: 8.124e-05, eta: 18:29:15, time: 0.455, data_time: 0.005, memory: 10267, decode.loss_ce: 0.0076, decode.loss_focal: 0.0045, decode.acc_seg: 99.7750, loss: 0.0121
2026-02-06 21:05:40,469 - mmseg - INFO - Exp name: segnext.tiny.560x560_crack_160k.py
2026-02-06 21:05:40,469 - mmseg - INFO - Iter [172000/322000]	lr: 8.137e-05, eta: 18:22:06, time: 0.454, data_time: 0.005, memory: 10267, decode.loss_ce: 0.0077, decode.loss_focal: 0.0046, decode.acc_seg: 99.7721, loss: 0.0123
2026-02-06 21:13:15,614 - mmseg - INFO - Exp name: segnext.tiny.560x560_crack_160k.py
2026-02-06 21:13:15,614 - mmseg - INFO - Iter [173000/322000]	lr: 8.149e-05, eta: 18:14:57, time: 0.455, data_time: 0.004, memory: 10267, decode.loss_ce: 0.0074, decode.loss_focal: 0.0044, decode.acc_seg: 99.7785, loss: 0.0119
2026-02-06 21:20:50,858 - mmseg - INFO - Exp name: segnext.tiny.560x560_crack_160k.py
2026-02-06 21:20:50,859 - mmseg - INFO - Iter [174000/322000]	lr: 8.161e-05, eta: 18:07:49, time: 0.455, data_time: 0.005, memory: 10267, decode.loss_ce: 0.0074, decode.loss_focal: 0.0044, decode.acc_seg: 99.7801, loss: 0.0118
2026-02-06 21:28:28,264 - mmseg - INFO - Exp name: segnext.tiny.560x560_crack_160k.py
2026-02-06 21:28:28,264 - mmseg - INFO - Iter [175000/322000]	lr: 8.174e-05, eta: 18:00:41, time: 0.457, data_time: 0.007, memory: 10267, decode.loss_ce: 0.0074, decode.loss_focal: 0.0044, decode.acc_seg: 99.7788, loss: 0.0118
2026-02-06 21:36:03,416 - mmseg - INFO - Exp name: segnext.tiny.560x560_crack_160k.py
2026-02-06 21:36:03,416 - mmseg - INFO - Iter [176000/322000]	lr: 8.186e-05, eta: 17:53:32, time: 0.455, data_time: 0.005, memory: 10267, decode.loss_ce: 0.0074, decode.loss_focal: 0.0044, decode.acc_seg: 99.7787, loss: 0.0118
2026-02-06 21:43:38,655 - mmseg - INFO - Exp name: segnext.tiny.560x560_crack_160k.py
2026-02-06 21:43:38,655 - mmseg - INFO - Iter [177000/322000]	lr: 8.199e-05, eta: 17:46:22, time: 0.455, data_time: 0.005, memory: 10267, decode.loss_ce: 0.0074, decode.loss_focal: 0.0044, decode.acc_seg: 99.7816, loss: 0.0118
2026-02-06 21:51:13,960 - mmseg - INFO - Exp name: segnext.tiny.560x560_crack_160k.py
2026-02-06 21:51:13,960 - mmseg - INFO - Iter [178000/322000]	lr: 8.211e-05, eta: 17:39:12, time: 0.455, data_time: 0.005, memory: 10267, decode.loss_ce: 0.0074, decode.loss_focal: 0.0044, decode.acc_seg: 99.7798, loss: 0.0118
2026-02-06 21:58:49,201 - mmseg - INFO - Exp name: segnext.tiny.560x560_crack_160k.py
2026-02-06 21:58:49,201 - mmseg - INFO - Iter [179000/322000]	lr: 8.224e-05, eta: 17:32:02, time: 0.455, data_time: 0.005, memory: 10267, decode.loss_ce: 0.0074, decode.loss_focal: 0.0044, decode.acc_seg: 99.7808, loss: 0.0118
2026-02-06 22:06:24,460 - mmseg - INFO - Saving checkpoint at 180000 iterations
2026-02-06 22:06:24,536 - mmseg - INFO - Exp name: segnext.tiny.560x560_crack_160k.py
2026-02-06 22:06:24,536 - mmseg - INFO - Iter [180000/322000]	lr: 8.236e-05, eta: 17:24:52, time: 0.455, data_time: 0.005, memory: 10267, decode.loss_ce: 0.0074, decode.loss_focal: 0.0044, decode.acc_seg: 99.7793, loss: 0.0119
2026-02-06 22:13:59,690 - mmseg - INFO - Exp name: segnext.tiny.560x560_crack_160k.py
2026-02-06 22:13:59,691 - mmseg - INFO - Iter [181000/322000]	lr: 8.248e-05, eta: 17:17:41, time: 0.455, data_time: 0.004, memory: 10267, decode.loss_ce: 0.0074, decode.loss_focal: 0.0044, decode.acc_seg: 99.7780, loss: 0.0119
2026-02-06 22:21:34,838 - mmseg - INFO - Exp name: segnext.tiny.560x560_crack_160k.py
2026-02-06 22:21:34,838 - mmseg - INFO - Iter [182000/322000]	lr: 8.261e-05, eta: 17:10:30, time: 0.455, data_time: 0.004, memory: 10267, decode.loss_ce: 0.0072, decode.loss_focal: 0.0042, decode.acc_seg: 99.7860, loss: 0.0114
2026-02-06 22:29:09,958 - mmseg - INFO - Exp name: segnext.tiny.560x560_crack_160k.py
2026-02-06 22:29:09,958 - mmseg - INFO - Iter [183000/322000]	lr: 8.273e-05, eta: 17:03:18, time: 0.455, data_time: 0.004, memory: 10267, decode.loss_ce: 0.0075, decode.loss_focal: 0.0044, decode.acc_seg: 99.7777, loss: 0.0119
2026-02-06 22:36:45,102 - mmseg - INFO - Exp name: segnext.tiny.560x560_crack_160k.py
2026-02-06 22:36:45,102 - mmseg - INFO - Iter [184000/322000]	lr: 8.286e-05, eta: 16:56:07, time: 0.455, data_time: 0.004, memory: 10267, decode.loss_ce: 0.0073, decode.loss_focal: 0.0044, decode.acc_seg: 99.7803, loss: 0.0117
2026-02-06 22:44:20,190 - mmseg - INFO - Exp name: segnext.tiny.560x560_crack_160k.py
2026-02-06 22:44:20,190 - mmseg - INFO - Iter [185000/322000]	lr: 8.298e-05, eta: 16:48:55, time: 0.455, data_time: 0.004, memory: 10267, decode.loss_ce: 0.0072, decode.loss_focal: 0.0043, decode.acc_seg: 99.7839, loss: 0.0115
2026-02-06 22:51:55,248 - mmseg - INFO - Exp name: segnext.tiny.560x560_crack_160k.py
2026-02-06 22:51:55,248 - mmseg - INFO - Iter [186000/322000]	lr: 8.311e-05, eta: 16:41:43, time: 0.455, data_time: 0.004, memory: 10267, decode.loss_ce: 0.0073, decode.loss_focal: 0.0043, decode.acc_seg: 99.7832, loss: 0.0116
2026-02-06 22:59:30,348 - mmseg - INFO - Exp name: segnext.tiny.560x560_crack_160k.py
2026-02-06 22:59:30,348 - mmseg - INFO - Iter [187000/322000]	lr: 8.323e-05, eta: 16:34:30, time: 0.455, data_time: 0.004, memory: 10267, decode.loss_ce: 0.0073, decode.loss_focal: 0.0043, decode.acc_seg: 99.7812, loss: 0.0116
2026-02-06 23:07:05,516 - mmseg - INFO - Exp name: segnext.tiny.560x560_crack_160k.py
2026-02-06 23:07:05,516 - mmseg - INFO - Iter [188000/322000]	lr: 8.335e-05, eta: 16:27:17, time: 0.455, data_time: 0.004, memory: 10267, decode.loss_ce: 0.0072, decode.loss_focal: 0.0043, decode.acc_seg: 99.7845, loss: 0.0115
2026-02-06 23:14:40,664 - mmseg - INFO - Exp name: segnext.tiny.560x560_crack_160k.py
2026-02-06 23:14:40,664 - mmseg - INFO - Iter [189000/322000]	lr: 8.348e-05, eta: 16:20:05, time: 0.455, data_time: 0.004, memory: 10267, decode.loss_ce: 0.0072, decode.loss_focal: 0.0043, decode.acc_seg: 99.7848, loss: 0.0115
2026-02-06 23:22:15,797 - mmseg - INFO - Exp name: segnext.tiny.560x560_crack_160k.py
2026-02-06 23:22:15,797 - mmseg - INFO - Iter [190000/322000]	lr: 8.360e-05, eta: 16:12:51, time: 0.455, data_time: 0.004, memory: 10267, decode.loss_ce: 0.0073, decode.loss_focal: 0.0043, decode.acc_seg: 99.7821, loss: 0.0116
2026-02-06 23:29:53,076 - mmseg - INFO - Exp name: segnext.tiny.560x560_crack_160k.py
2026-02-06 23:29:53,076 - mmseg - INFO - Iter [191000/322000]	lr: 8.373e-05, eta: 16:05:40, time: 0.457, data_time: 0.007, memory: 10267, decode.loss_ce: 0.0072, decode.loss_focal: 0.0043, decode.acc_seg: 99.7840, loss: 0.0115
2026-02-06 23:37:28,261 - mmseg - INFO - Exp name: segnext.tiny.560x560_crack_160k.py
2026-02-06 23:37:28,261 - mmseg - INFO - Iter [192000/322000]	lr: 8.385e-05, eta: 15:58:26, time: 0.455, data_time: 0.004, memory: 10267, decode.loss_ce: 0.0071, decode.loss_focal: 0.0042, decode.acc_seg: 99.7882, loss: 0.0113
2026-02-06 23:45:03,400 - mmseg - INFO - Exp name: segnext.tiny.560x560_crack_160k.py
2026-02-06 23:45:03,400 - mmseg - INFO - Iter [193000/322000]	lr: 8.398e-05, eta: 15:51:12, time: 0.455, data_time: 0.004, memory: 10267, decode.loss_ce: 0.0072, decode.loss_focal: 0.0043, decode.acc_seg: 99.7846, loss: 0.0115
2026-02-06 23:52:38,542 - mmseg - INFO - Exp name: segnext.tiny.560x560_crack_160k.py
2026-02-06 23:52:38,542 - mmseg - INFO - Iter [194000/322000]	lr: 8.410e-05, eta: 15:43:58, time: 0.455, data_time: 0.004, memory: 10267, decode.loss_ce: 0.0072, decode.loss_focal: 0.0042, decode.acc_seg: 99.7840, loss: 0.0115
2026-02-07 00:00:13,649 - mmseg - INFO - Saving checkpoint at 195000 iterations
2026-02-07 00:00:13,725 - mmseg - INFO - Exp name: segnext.tiny.560x560_crack_160k.py
2026-02-07 00:00:13,725 - mmseg - INFO - Iter [195000/322000]	lr: 8.422e-05, eta: 15:36:44, time: 0.455, data_time: 0.004, memory: 10267, decode.loss_ce: 0.0071, decode.loss_focal: 0.0042, decode.acc_seg: 99.7872, loss: 0.0112
2026-02-07 00:07:48,879 - mmseg - INFO - Exp name: segnext.tiny.560x560_crack_160k.py
2026-02-07 00:07:48,880 - mmseg - INFO - Iter [196000/322000]	lr: 8.435e-05, eta: 15:29:29, time: 0.455, data_time: 0.004, memory: 10267, decode.loss_ce: 0.0071, decode.loss_focal: 0.0042, decode.acc_seg: 99.7884, loss: 0.0112
2026-02-07 00:15:24,041 - mmseg - INFO - Exp name: segnext.tiny.560x560_crack_160k.py
2026-02-07 00:15:24,041 - mmseg - INFO - Iter [197000/322000]	lr: 8.447e-05, eta: 15:22:15, time: 0.455, data_time: 0.004, memory: 10267, decode.loss_ce: 0.0071, decode.loss_focal: 0.0042, decode.acc_seg: 99.7861, loss: 0.0113
2026-02-07 00:22:59,248 - mmseg - INFO - Exp name: segnext.tiny.560x560_crack_160k.py
2026-02-07 00:22:59,248 - mmseg - INFO - Iter [198000/322000]	lr: 8.460e-05, eta: 15:15:00, time: 0.455, data_time: 0.004, memory: 10267, decode.loss_ce: 0.0072, decode.loss_focal: 0.0043, decode.acc_seg: 99.7848, loss: 0.0115
2026-02-07 00:30:34,392 - mmseg - INFO - Exp name: segnext.tiny.560x560_crack_160k.py
2026-02-07 00:30:34,392 - mmseg - INFO - Iter [199000/322000]	lr: 8.472e-05, eta: 15:07:45, time: 0.455, data_time: 0.004, memory: 10267, decode.loss_ce: 0.0070, decode.loss_focal: 0.0041, decode.acc_seg: 99.7892, loss: 0.0112
2026-02-07 00:38:09,575 - mmseg - INFO - Exp name: segnext.tiny.560x560_crack_160k.py
2026-02-07 00:38:09,576 - mmseg - INFO - Iter [200000/322000]	lr: 8.484e-05, eta: 15:00:30, time: 0.455, data_time: 0.004, memory: 10267, decode.loss_ce: 0.0069, decode.loss_focal: 0.0041, decode.acc_seg: 99.7915, loss: 0.0110
2026-02-07 00:45:44,730 - mmseg - INFO - Exp name: segnext.tiny.560x560_crack_160k.py
2026-02-07 00:45:44,730 - mmseg - INFO - Iter [201000/322000]	lr: 8.497e-05, eta: 14:53:14, time: 0.455, data_time: 0.004, memory: 10267, decode.loss_ce: 0.0069, decode.loss_focal: 0.0041, decode.acc_seg: 99.7917, loss: 0.0110
2026-02-07 00:53:19,963 - mmseg - INFO - Exp name: segnext.tiny.560x560_crack_160k.py
2026-02-07 00:53:19,963 - mmseg - INFO - Iter [202000/322000]	lr: 8.509e-05, eta: 14:45:59, time: 0.455, data_time: 0.004, memory: 10267, decode.loss_ce: 0.0071, decode.loss_focal: 0.0042, decode.acc_seg: 99.7882, loss: 0.0113
2026-02-07 01:00:55,211 - mmseg - INFO - Exp name: segnext.tiny.560x560_crack_160k.py
2026-02-07 01:00:55,211 - mmseg - INFO - Iter [203000/322000]	lr: 8.522e-05, eta: 14:38:43, time: 0.455, data_time: 0.004, memory: 10267, decode.loss_ce: 0.0070, decode.loss_focal: 0.0041, decode.acc_seg: 99.7902, loss: 0.0111
2026-02-07 01:08:30,407 - mmseg - INFO - Exp name: segnext.tiny.560x560_crack_160k.py
2026-02-07 01:08:30,407 - mmseg - INFO - Iter [204000/322000]	lr: 8.534e-05, eta: 14:31:27, time: 0.455, data_time: 0.004, memory: 10267, decode.loss_ce: 0.0070, decode.loss_focal: 0.0041, decode.acc_seg: 99.7904, loss: 0.0111
2026-02-07 01:16:05,601 - mmseg - INFO - Exp name: segnext.tiny.560x560_crack_160k.py
2026-02-07 01:16:05,601 - mmseg - INFO - Iter [205000/322000]	lr: 8.547e-05, eta: 14:24:10, time: 0.455, data_time: 0.004, memory: 10267, decode.loss_ce: 0.0070, decode.loss_focal: 0.0041, decode.acc_seg: 99.7908, loss: 0.0111
2026-02-07 01:23:40,867 - mmseg - INFO - Exp name: segnext.tiny.560x560_crack_160k.py
2026-02-07 01:23:40,867 - mmseg - INFO - Iter [206000/322000]	lr: 8.559e-05, eta: 14:16:54, time: 0.455, data_time: 0.004, memory: 10267, decode.loss_ce: 0.0071, decode.loss_focal: 0.0042, decode.acc_seg: 99.7884, loss: 0.0112
2026-02-07 01:31:18,246 - mmseg - INFO - Exp name: segnext.tiny.560x560_crack_160k.py
2026-02-07 01:31:18,247 - mmseg - INFO - Iter [207000/322000]	lr: 8.571e-05, eta: 14:09:39, time: 0.457, data_time: 0.007, memory: 10267, decode.loss_ce: 0.0071, decode.loss_focal: 0.0042, decode.acc_seg: 99.7863, loss: 0.0114
2026-02-07 01:38:46,809 - mmseg - INFO - Exp name: segnext.tiny.560x560_crack_160k.py
2026-02-07 01:38:46,809 - mmseg - INFO - Iter [208000/322000]	lr: 8.584e-05, eta: 14:02:18, time: 0.449, data_time: 0.005, memory: 10267, decode.loss_ce: 0.0072, decode.loss_focal: 0.0042, decode.acc_seg: 99.7838, loss: 0.0114
2026-02-07 01:46:13,871 - mmseg - INFO - Exp name: segnext.tiny.560x560_crack_160k.py
2026-02-07 01:46:13,871 - mmseg - INFO - Iter [209000/322000]	lr: 8.596e-05, eta: 13:54:57, time: 0.447, data_time: 0.005, memory: 10267, decode.loss_ce: 0.0069, decode.loss_focal: 0.0040, decode.acc_seg: 99.7925, loss: 0.0109
2026-02-07 01:53:49,208 - mmseg - INFO - Saving checkpoint at 210000 iterations
2026-02-07 01:53:49,285 - mmseg - INFO - Exp name: segnext.tiny.560x560_crack_160k.py
2026-02-07 01:53:49,285 - mmseg - INFO - Iter [210000/322000]	lr: 8.609e-05, eta: 13:47:40, time: 0.455, data_time: 0.004, memory: 10267, decode.loss_ce: 0.0069, decode.loss_focal: 0.0041, decode.acc_seg: 99.7927, loss: 0.0110
2026-02-07 02:01:24,685 - mmseg - INFO - Exp name: segnext.tiny.560x560_crack_160k.py
2026-02-07 02:01:24,685 - mmseg - INFO - Iter [211000/322000]	lr: 8.621e-05, eta: 13:40:23, time: 0.455, data_time: 0.005, memory: 10267, decode.loss_ce: 0.0072, decode.loss_focal: 0.0043, decode.acc_seg: 99.7857, loss: 0.0114
2026-02-07 02:09:00,134 - mmseg - INFO - Exp name: segnext.tiny.560x560_crack_160k.py
2026-02-07 02:09:00,134 - mmseg - INFO - Iter [212000/322000]	lr: 8.634e-05, eta: 13:33:06, time: 0.455, data_time: 0.005, memory: 10267, decode.loss_ce: 0.0070, decode.loss_focal: 0.0041, decode.acc_seg: 99.7915, loss: 0.0111
2026-02-07 02:16:35,527 - mmseg - INFO - Exp name: segnext.tiny.560x560_crack_160k.py
2026-02-07 02:16:35,527 - mmseg - INFO - Iter [213000/322000]	lr: 8.646e-05, eta: 13:25:48, time: 0.455, data_time: 0.005, memory: 10267, decode.loss_ce: 0.0068, decode.loss_focal: 0.0040, decode.acc_seg: 99.7950, loss: 0.0108
2026-02-07 02:24:10,933 - mmseg - INFO - Exp name: segnext.tiny.560x560_crack_160k.py
2026-02-07 02:24:10,933 - mmseg - INFO - Iter [214000/322000]	lr: 8.658e-05, eta: 13:18:31, time: 0.455, data_time: 0.005, memory: 10267, decode.loss_ce: 0.0069, decode.loss_focal: 0.0041, decode.acc_seg: 99.7921, loss: 0.0110
2026-02-07 02:31:46,364 - mmseg - INFO - Exp name: segnext.tiny.560x560_crack_160k.py
2026-02-07 02:31:46,364 - mmseg - INFO - Iter [215000/322000]	lr: 8.671e-05, eta: 13:11:13, time: 0.455, data_time: 0.005, memory: 10267, decode.loss_ce: 0.0069, decode.loss_focal: 0.0041, decode.acc_seg: 99.7915, loss: 0.0110
2026-02-07 02:39:21,705 - mmseg - INFO - Exp name: segnext.tiny.560x560_crack_160k.py
2026-02-07 02:39:21,706 - mmseg - INFO - Iter [216000/322000]	lr: 8.683e-05, eta: 13:03:55, time: 0.455, data_time: 0.005, memory: 10267, decode.loss_ce: 0.0069, decode.loss_focal: 0.0041, decode.acc_seg: 99.7918, loss: 0.0110
2026-02-07 02:46:57,050 - mmseg - INFO - Exp name: segnext.tiny.560x560_crack_160k.py
2026-02-07 02:46:57,050 - mmseg - INFO - Iter [217000/322000]	lr: 8.696e-05, eta: 12:56:37, time: 0.455, data_time: 0.005, memory: 10267, decode.loss_ce: 0.0069, decode.loss_focal: 0.0041, decode.acc_seg: 99.7929, loss: 0.0110
2026-02-07 02:54:32,352 - mmseg - INFO - Exp name: segnext.tiny.560x560_crack_160k.py
2026-02-07 02:54:32,353 - mmseg - INFO - Iter [218000/322000]	lr: 8.708e-05, eta: 12:49:19, time: 0.455, data_time: 0.005, memory: 10267, decode.loss_ce: 0.0069, decode.loss_focal: 0.0040, decode.acc_seg: 99.7939, loss: 0.0109
2026-02-07 03:02:07,703 - mmseg - INFO - Exp name: segnext.tiny.560x560_crack_160k.py
2026-02-07 03:02:07,703 - mmseg - INFO - Iter [219000/322000]	lr: 8.720e-05, eta: 12:42:00, time: 0.455, data_time: 0.005, memory: 10267, decode.loss_ce: 0.0070, decode.loss_focal: 0.0041, decode.acc_seg: 99.7897, loss: 0.0111
2026-02-07 03:09:43,034 - mmseg - INFO - Exp name: segnext.tiny.560x560_crack_160k.py
2026-02-07 03:09:43,034 - mmseg - INFO - Iter [220000/322000]	lr: 8.733e-05, eta: 12:34:42, time: 0.455, data_time: 0.005, memory: 10267, decode.loss_ce: 0.0069, decode.loss_focal: 0.0041, decode.acc_seg: 99.7916, loss: 0.0110
2026-02-07 03:17:18,388 - mmseg - INFO - Exp name: segnext.tiny.560x560_crack_160k.py
2026-02-07 03:17:18,388 - mmseg - INFO - Iter [221000/322000]	lr: 8.745e-05, eta: 12:27:23, time: 0.455, data_time: 0.005, memory: 10267, decode.loss_ce: 0.0069, decode.loss_focal: 0.0040, decode.acc_seg: 99.7934, loss: 0.0109
2026-02-07 03:24:53,744 - mmseg - INFO - Exp name: segnext.tiny.560x560_crack_160k.py
2026-02-07 03:24:53,744 - mmseg - INFO - Iter [222000/322000]	lr: 8.758e-05, eta: 12:20:04, time: 0.455, data_time: 0.005, memory: 10267, decode.loss_ce: 0.0068, decode.loss_focal: 0.0040, decode.acc_seg: 99.7945, loss: 0.0108
2026-02-07 03:32:31,248 - mmseg - INFO - Exp name: segnext.tiny.560x560_crack_160k.py
2026-02-07 03:32:31,248 - mmseg - INFO - Iter [223000/322000]	lr: 8.770e-05, eta: 12:12:46, time: 0.458, data_time: 0.007, memory: 10267, decode.loss_ce: 0.0068, decode.loss_focal: 0.0040, decode.acc_seg: 99.7948, loss: 0.0108
2026-02-07 03:40:06,525 - mmseg - INFO - Exp name: segnext.tiny.560x560_crack_160k.py
2026-02-07 03:40:06,525 - mmseg - INFO - Iter [224000/322000]	lr: 8.783e-05, eta: 12:05:27, time: 0.455, data_time: 0.004, memory: 10267, decode.loss_ce: 0.0070, decode.loss_focal: 0.0042, decode.acc_seg: 99.7909, loss: 0.0112
2026-02-07 03:47:41,860 - mmseg - INFO - Saving checkpoint at 225000 iterations
2026-02-07 03:47:41,936 - mmseg - INFO - Exp name: segnext.tiny.560x560_crack_160k.py
2026-02-07 03:47:41,936 - mmseg - INFO - Iter [225000/322000]	lr: 8.795e-05, eta: 11:58:07, time: 0.455, data_time: 0.005, memory: 10267, decode.loss_ce: 0.0069, decode.loss_focal: 0.0040, decode.acc_seg: 99.7925, loss: 0.0109
2026-02-07 03:55:17,284 - mmseg - INFO - Exp name: segnext.tiny.560x560_crack_160k.py
2026-02-07 03:55:17,285 - mmseg - INFO - Iter [226000/322000]	lr: 8.807e-05, eta: 11:50:48, time: 0.455, data_time: 0.004, memory: 10267, decode.loss_ce: 0.0068, decode.loss_focal: 0.0040, decode.acc_seg: 99.7954, loss: 0.0108
2026-02-07 04:02:52,599 - mmseg - INFO - Exp name: segnext.tiny.560x560_crack_160k.py
2026-02-07 04:02:52,599 - mmseg - INFO - Iter [227000/322000]	lr: 8.820e-05, eta: 11:43:28, time: 0.455, data_time: 0.004, memory: 10267, decode.loss_ce: 0.0068, decode.loss_focal: 0.0040, decode.acc_seg: 99.7965, loss: 0.0107
2026-02-07 04:10:27,935 - mmseg - INFO - Exp name: segnext.tiny.560x560_crack_160k.py
2026-02-07 04:10:27,936 - mmseg - INFO - Iter [228000/322000]	lr: 8.832e-05, eta: 11:36:09, time: 0.455, data_time: 0.004, memory: 10267, decode.loss_ce: 0.0068, decode.loss_focal: 0.0040, decode.acc_seg: 99.7956, loss: 0.0109
2026-02-07 04:18:03,244 - mmseg - INFO - Exp name: segnext.tiny.560x560_crack_160k.py
2026-02-07 04:18:03,244 - mmseg - INFO - Iter [229000/322000]	lr: 8.845e-05, eta: 11:28:49, time: 0.455, data_time: 0.004, memory: 10267, decode.loss_ce: 0.0068, decode.loss_focal: 0.0040, decode.acc_seg: 99.7964, loss: 0.0108
2026-02-07 04:25:38,583 - mmseg - INFO - Exp name: segnext.tiny.560x560_crack_160k.py
2026-02-07 04:25:38,583 - mmseg - INFO - Iter [230000/322000]	lr: 8.857e-05, eta: 11:21:29, time: 0.455, data_time: 0.005, memory: 10267, decode.loss_ce: 0.0068, decode.loss_focal: 0.0040, decode.acc_seg: 99.7944, loss: 0.0109
2026-02-07 04:33:13,866 - mmseg - INFO - Exp name: segnext.tiny.560x560_crack_160k.py
2026-02-07 04:33:13,866 - mmseg - INFO - Iter [231000/322000]	lr: 8.870e-05, eta: 11:14:08, time: 0.455, data_time: 0.004, memory: 10267, decode.loss_ce: 0.0068, decode.loss_focal: 0.0040, decode.acc_seg: 99.7959, loss: 0.0108
2026-02-07 04:40:49,253 - mmseg - INFO - Exp name: segnext.tiny.560x560_crack_160k.py
2026-02-07 04:40:49,253 - mmseg - INFO - Iter [232000/322000]	lr: 8.882e-05, eta: 11:06:48, time: 0.455, data_time: 0.004, memory: 10267, decode.loss_ce: 0.0067, decode.loss_focal: 0.0039, decode.acc_seg: 99.7984, loss: 0.0106
2026-02-07 04:48:24,560 - mmseg - INFO - Exp name: segnext.tiny.560x560_crack_160k.py
2026-02-07 04:48:24,561 - mmseg - INFO - Iter [233000/322000]	lr: 8.894e-05, eta: 10:59:28, time: 0.455, data_time: 0.004, memory: 10267, decode.loss_ce: 0.0068, decode.loss_focal: 0.0040, decode.acc_seg: 99.7943, loss: 0.0108
2026-02-07 04:55:59,905 - mmseg - INFO - Exp name: segnext.tiny.560x560_crack_160k.py
2026-02-07 04:55:59,905 - mmseg - INFO - Iter [234000/322000]	lr: 8.907e-05, eta: 10:52:07, time: 0.455, data_time: 0.005, memory: 10267, decode.loss_ce: 0.0070, decode.loss_focal: 0.0041, decode.acc_seg: 99.7902, loss: 0.0111
2026-02-07 05:03:35,307 - mmseg - INFO - Exp name: segnext.tiny.560x560_crack_160k.py
2026-02-07 05:03:35,307 - mmseg - INFO - Iter [235000/322000]	lr: 8.919e-05, eta: 10:44:47, time: 0.455, data_time: 0.005, memory: 10267, decode.loss_ce: 0.0065, decode.loss_focal: 0.0038, decode.acc_seg: 99.8034, loss: 0.0102
2026-02-07 05:11:10,607 - mmseg - INFO - Exp name: segnext.tiny.560x560_crack_160k.py
2026-02-07 05:11:10,607 - mmseg - INFO - Iter [236000/322000]	lr: 8.932e-05, eta: 10:37:26, time: 0.455, data_time: 0.004, memory: 10267, decode.loss_ce: 0.0067, decode.loss_focal: 0.0039, decode.acc_seg: 99.7987, loss: 0.0106
2026-02-07 05:18:45,894 - mmseg - INFO - Exp name: segnext.tiny.560x560_crack_160k.py
2026-02-07 05:18:45,895 - mmseg - INFO - Iter [237000/322000]	lr: 8.944e-05, eta: 10:30:05, time: 0.455, data_time: 0.004, memory: 10267, decode.loss_ce: 0.0068, decode.loss_focal: 0.0040, decode.acc_seg: 99.7953, loss: 0.0108
2026-02-07 05:26:23,373 - mmseg - INFO - Exp name: segnext.tiny.560x560_crack_160k.py
2026-02-07 05:26:23,373 - mmseg - INFO - Iter [238000/322000]	lr: 8.957e-05, eta: 10:22:45, time: 0.457, data_time: 0.007, memory: 10267, decode.loss_ce: 0.0067, decode.loss_focal: 0.0039, decode.acc_seg: 99.7973, loss: 0.0106
2026-02-07 05:33:58,689 - mmseg - INFO - Exp name: segnext.tiny.560x560_crack_160k.py
2026-02-07 05:33:58,689 - mmseg - INFO - Iter [239000/322000]	lr: 8.969e-05, eta: 10:15:23, time: 0.455, data_time: 0.004, memory: 10267, decode.loss_ce: 0.0069, decode.loss_focal: 0.0041, decode.acc_seg: 99.7944, loss: 0.0109
2026-02-07 05:41:33,978 - mmseg - INFO - Saving checkpoint at 240000 iterations
2026-02-07 05:41:34,119 - mmseg - INFO - Exp name: segnext.tiny.560x560_crack_160k.py
2026-02-07 05:41:34,119 - mmseg - INFO - Iter [240000/322000]	lr: 8.981e-05, eta: 10:08:02, time: 0.455, data_time: 0.004, memory: 10267, decode.loss_ce: 0.0067, decode.loss_focal: 0.0039, decode.acc_seg: 99.7989, loss: 0.0106
2026-02-07 05:49:09,508 - mmseg - INFO - Exp name: segnext.tiny.560x560_crack_160k.py
2026-02-07 05:49:09,508 - mmseg - INFO - Iter [241000/322000]	lr: 8.994e-05, eta: 10:00:41, time: 0.455, data_time: 0.004, memory: 10267, decode.loss_ce: 0.0066, decode.loss_focal: 0.0038, decode.acc_seg: 99.8017, loss: 0.0104
2026-02-07 05:56:44,737 - mmseg - INFO - Exp name: segnext.tiny.560x560_crack_160k.py
2026-02-07 05:56:44,737 - mmseg - INFO - Iter [242000/322000]	lr: 9.006e-05, eta: 9:53:19, time: 0.455, data_time: 0.004, memory: 10267, decode.loss_ce: 0.0066, decode.loss_focal: 0.0039, decode.acc_seg: 99.8002, loss: 0.0105
2026-02-07 06:04:19,986 - mmseg - INFO - Exp name: segnext.tiny.560x560_crack_160k.py
2026-02-07 06:04:19,987 - mmseg - INFO - Iter [243000/322000]	lr: 9.019e-05, eta: 9:45:58, time: 0.455, data_time: 0.004, memory: 10267, decode.loss_ce: 0.0067, decode.loss_focal: 0.0039, decode.acc_seg: 99.7982, loss: 0.0105
2026-02-07 06:11:55,383 - mmseg - INFO - Exp name: segnext.tiny.560x560_crack_160k.py
2026-02-07 06:11:55,383 - mmseg - INFO - Iter [244000/322000]	lr: 9.031e-05, eta: 9:38:36, time: 0.455, data_time: 0.005, memory: 10267, decode.loss_ce: 0.0066, decode.loss_focal: 0.0038, decode.acc_seg: 99.8012, loss: 0.0104
2026-02-07 06:19:30,726 - mmseg - INFO - Exp name: segnext.tiny.560x560_crack_160k.py
2026-02-07 06:19:30,726 - mmseg - INFO - Iter [245000/322000]	lr: 9.043e-05, eta: 9:31:14, time: 0.455, data_time: 0.004, memory: 10267, decode.loss_ce: 0.0066, decode.loss_focal: 0.0039, decode.acc_seg: 99.8012, loss: 0.0104
2026-02-07 06:27:05,973 - mmseg - INFO - Exp name: segnext.tiny.560x560_crack_160k.py
2026-02-07 06:27:05,973 - mmseg - INFO - Iter [246000/322000]	lr: 9.056e-05, eta: 9:23:52, time: 0.455, data_time: 0.004, memory: 10267, decode.loss_ce: 0.0066, decode.loss_focal: 0.0038, decode.acc_seg: 99.8001, loss: 0.0105
2026-02-07 06:34:41,232 - mmseg - INFO - Exp name: segnext.tiny.560x560_crack_160k.py
2026-02-07 06:34:41,232 - mmseg - INFO - Iter [247000/322000]	lr: 9.068e-05, eta: 9:16:30, time: 0.455, data_time: 0.004, memory: 10267, decode.loss_ce: 0.0067, decode.loss_focal: 0.0039, decode.acc_seg: 99.7988, loss: 0.0106
2026-02-07 06:42:16,542 - mmseg - INFO - Exp name: segnext.tiny.560x560_crack_160k.py
2026-02-07 06:42:16,542 - mmseg - INFO - Iter [248000/322000]	lr: 9.081e-05, eta: 9:09:08, time: 0.455, data_time: 0.005, memory: 10267, decode.loss_ce: 0.0067, decode.loss_focal: 0.0039, decode.acc_seg: 99.7965, loss: 0.0106
2026-02-07 06:49:51,843 - mmseg - INFO - Exp name: segnext.tiny.560x560_crack_160k.py
2026-02-07 06:49:51,843 - mmseg - INFO - Iter [249000/322000]	lr: 9.093e-05, eta: 9:01:45, time: 0.455, data_time: 0.004, memory: 10267, decode.loss_ce: 0.0066, decode.loss_focal: 0.0039, decode.acc_seg: 99.8024, loss: 0.0104
2026-02-07 06:57:27,210 - mmseg - INFO - Exp name: segnext.tiny.560x560_crack_160k.py
2026-02-07 06:57:27,210 - mmseg - INFO - Iter [250000/322000]	lr: 9.106e-05, eta: 8:54:23, time: 0.455, data_time: 0.005, memory: 10267, decode.loss_ce: 0.0065, decode.loss_focal: 0.0038, decode.acc_seg: 99.8036, loss: 0.0103
2026-02-07 07:05:02,530 - mmseg - INFO - Exp name: segnext.tiny.560x560_crack_160k.py
2026-02-07 07:05:02,530 - mmseg - INFO - Iter [251000/322000]	lr: 9.118e-05, eta: 8:47:00, time: 0.455, data_time: 0.005, memory: 10267, decode.loss_ce: 0.0065, decode.loss_focal: 0.0038, decode.acc_seg: 99.8024, loss: 0.0103
2026-02-07 07:12:37,892 - mmseg - INFO - Exp name: segnext.tiny.560x560_crack_160k.py
2026-02-07 07:12:37,892 - mmseg - INFO - Iter [252000/322000]	lr: 9.130e-05, eta: 8:39:38, time: 0.455, data_time: 0.005, memory: 10267, decode.loss_ce: 0.0066, decode.loss_focal: 0.0039, decode.acc_seg: 99.8016, loss: 0.0105
2026-02-07 07:20:13,222 - mmseg - INFO - Exp name: segnext.tiny.560x560_crack_160k.py
2026-02-07 07:20:13,222 - mmseg - INFO - Iter [253000/322000]	lr: 9.143e-05, eta: 8:32:15, time: 0.455, data_time: 0.004, memory: 10267, decode.loss_ce: 0.0065, decode.loss_focal: 0.0038, decode.acc_seg: 99.8039, loss: 0.0103
2026-02-07 07:27:50,761 - mmseg - INFO - Exp name: segnext.tiny.560x560_crack_160k.py
2026-02-07 07:27:50,761 - mmseg - INFO - Iter [254000/322000]	lr: 9.155e-05, eta: 8:24:53, time: 0.458, data_time: 0.007, memory: 10267, decode.loss_ce: 0.0065, decode.loss_focal: 0.0038, decode.acc_seg: 99.8033, loss: 0.0103
2026-02-07 07:35:26,062 - mmseg - INFO - Saving checkpoint at 255000 iterations
2026-02-07 07:35:26,140 - mmseg - INFO - Exp name: segnext.tiny.560x560_crack_160k.py
2026-02-07 07:35:26,140 - mmseg - INFO - Iter [255000/322000]	lr: 9.168e-05, eta: 8:17:30, time: 0.455, data_time: 0.004, memory: 10267, decode.loss_ce: 0.0066, decode.loss_focal: 0.0039, decode.acc_seg: 99.8016, loss: 0.0104
2026-02-07 07:43:01,422 - mmseg - INFO - Exp name: segnext.tiny.560x560_crack_160k.py
2026-02-07 07:43:01,422 - mmseg - INFO - Iter [256000/322000]	lr: 9.180e-05, eta: 8:10:07, time: 0.455, data_time: 0.004, memory: 10267, decode.loss_ce: 0.0065, decode.loss_focal: 0.0038, decode.acc_seg: 99.8043, loss: 0.0102
2026-02-07 07:50:36,648 - mmseg - INFO - Exp name: segnext.tiny.560x560_crack_160k.py
2026-02-07 07:50:36,648 - mmseg - INFO - Iter [257000/322000]	lr: 9.193e-05, eta: 8:02:44, time: 0.455, data_time: 0.004, memory: 10267, decode.loss_ce: 0.0064, decode.loss_focal: 0.0037, decode.acc_seg: 99.8050, loss: 0.0102
2026-02-07 07:58:11,973 - mmseg - INFO - Exp name: segnext.tiny.560x560_crack_160k.py
2026-02-07 07:58:11,973 - mmseg - INFO - Iter [258000/322000]	lr: 9.205e-05, eta: 7:55:21, time: 0.455, data_time: 0.005, memory: 10267, decode.loss_ce: 0.0065, decode.loss_focal: 0.0038, decode.acc_seg: 99.8039, loss: 0.0103
2026-02-07 08:05:47,255 - mmseg - INFO - Exp name: segnext.tiny.560x560_crack_160k.py
2026-02-07 08:05:47,255 - mmseg - INFO - Iter [259000/322000]	lr: 9.217e-05, eta: 7:47:57, time: 0.455, data_time: 0.004, memory: 10267, decode.loss_ce: 0.0066, decode.loss_focal: 0.0039, decode.acc_seg: 99.8004, loss: 0.0105
2026-02-07 08:13:22,543 - mmseg - INFO - Exp name: segnext.tiny.560x560_crack_160k.py
2026-02-07 08:13:22,543 - mmseg - INFO - Iter [260000/322000]	lr: 9.230e-05, eta: 7:40:34, time: 0.455, data_time: 0.004, memory: 10267, decode.loss_ce: 0.0065, decode.loss_focal: 0.0038, decode.acc_seg: 99.8035, loss: 0.0103
2026-02-07 08:20:57,849 - mmseg - INFO - Exp name: segnext.tiny.560x560_crack_160k.py
2026-02-07 08:20:57,849 - mmseg - INFO - Iter [261000/322000]	lr: 9.242e-05, eta: 7:33:11, time: 0.455, data_time: 0.004, memory: 10267, decode.loss_ce: 0.0065, decode.loss_focal: 0.0038, decode.acc_seg: 99.8047, loss: 0.0102
2026-02-07 08:28:33,127 - mmseg - INFO - Exp name: segnext.tiny.560x560_crack_160k.py
2026-02-07 08:28:33,127 - mmseg - INFO - Iter [262000/322000]	lr: 9.255e-05, eta: 7:25:47, time: 0.455, data_time: 0.004, memory: 10267, decode.loss_ce: 0.0064, decode.loss_focal: 0.0037, decode.acc_seg: 99.8067, loss: 0.0101
2026-02-07 08:36:08,383 - mmseg - INFO - Exp name: segnext.tiny.560x560_crack_160k.py
2026-02-07 08:36:08,383 - mmseg - INFO - Iter [263000/322000]	lr: 9.267e-05, eta: 7:18:23, time: 0.455, data_time: 0.004, memory: 10267, decode.loss_ce: 0.0066, decode.loss_focal: 0.0039, decode.acc_seg: 99.7994, loss: 0.0105
2026-02-07 08:43:43,659 - mmseg - INFO - Exp name: segnext.tiny.560x560_crack_160k.py
2026-02-07 08:43:43,660 - mmseg - INFO - Iter [264000/322000]	lr: 9.279e-05, eta: 7:11:00, time: 0.455, data_time: 0.004, memory: 10267, decode.loss_ce: 0.0064, decode.loss_focal: 0.0037, decode.acc_seg: 99.8058, loss: 0.0102
2026-02-07 08:51:18,986 - mmseg - INFO - Exp name: segnext.tiny.560x560_crack_160k.py
2026-02-07 08:51:18,987 - mmseg - INFO - Iter [265000/322000]	lr: 9.292e-05, eta: 7:03:36, time: 0.455, data_time: 0.005, memory: 10267, decode.loss_ce: 0.0064, decode.loss_focal: 0.0037, decode.acc_seg: 99.8055, loss: 0.0101
2026-02-07 08:58:54,399 - mmseg - INFO - Exp name: segnext.tiny.560x560_crack_160k.py
2026-02-07 08:58:54,399 - mmseg - INFO - Iter [266000/322000]	lr: 9.304e-05, eta: 6:56:12, time: 0.455, data_time: 0.005, memory: 10267, decode.loss_ce: 0.0066, decode.loss_focal: 0.0038, decode.acc_seg: 99.8010, loss: 0.0104
2026-02-07 09:06:29,727 - mmseg - INFO - Exp name: segnext.tiny.560x560_crack_160k.py
2026-02-07 09:06:29,727 - mmseg - INFO - Iter [267000/322000]	lr: 9.317e-05, eta: 6:48:48, time: 0.455, data_time: 0.004, memory: 10267, decode.loss_ce: 0.0064, decode.loss_focal: 0.0038, decode.acc_seg: 99.8049, loss: 0.0102
2026-02-07 09:14:04,962 - mmseg - INFO - Exp name: segnext.tiny.560x560_crack_160k.py
2026-02-07 09:14:04,962 - mmseg - INFO - Iter [268000/322000]	lr: 9.329e-05, eta: 6:41:24, time: 0.455, data_time: 0.004, memory: 10267, decode.loss_ce: 0.0066, decode.loss_focal: 0.0039, decode.acc_seg: 99.8002, loss: 0.0105
2026-02-07 09:21:40,270 - mmseg - INFO - Exp name: segnext.tiny.560x560_crack_160k.py
2026-02-07 09:21:40,271 - mmseg - INFO - Iter [269000/322000]	lr: 9.342e-05, eta: 6:34:00, time: 0.455, data_time: 0.004, memory: 10267, decode.loss_ce: 0.0063, decode.loss_focal: 0.0037, decode.acc_seg: 99.8075, loss: 0.0100
2026-02-07 09:29:17,783 - mmseg - INFO - Saving checkpoint at 270000 iterations
2026-02-07 09:29:17,862 - mmseg - INFO - Exp name: segnext.tiny.560x560_crack_160k.py
2026-02-07 09:29:17,862 - mmseg - INFO - Iter [270000/322000]	lr: 9.354e-05, eta: 6:26:36, time: 0.458, data_time: 0.007, memory: 10267, decode.loss_ce: 0.0067, decode.loss_focal: 0.0040, decode.acc_seg: 99.7980, loss: 0.0107
2026-02-07 09:36:53,177 - mmseg - INFO - Exp name: segnext.tiny.560x560_crack_160k.py
2026-02-07 09:36:53,177 - mmseg - INFO - Iter [271000/322000]	lr: 9.366e-05, eta: 6:19:11, time: 0.455, data_time: 0.004, memory: 10267, decode.loss_ce: 0.0064, decode.loss_focal: 0.0037, decode.acc_seg: 99.8056, loss: 0.0102
2026-02-07 09:44:28,416 - mmseg - INFO - Exp name: segnext.tiny.560x560_crack_160k.py
2026-02-07 09:44:28,416 - mmseg - INFO - Iter [272000/322000]	lr: 9.379e-05, eta: 6:11:47, time: 0.455, data_time: 0.004, memory: 10267, decode.loss_ce: 0.0064, decode.loss_focal: 0.0037, decode.acc_seg: 99.8044, loss: 0.0102
2026-02-07 09:52:03,683 - mmseg - INFO - Exp name: segnext.tiny.560x560_crack_160k.py
2026-02-07 09:52:03,683 - mmseg - INFO - Iter [273000/322000]	lr: 9.391e-05, eta: 6:04:22, time: 0.455, data_time: 0.004, memory: 10267, decode.loss_ce: 0.0065, decode.loss_focal: 0.0038, decode.acc_seg: 99.8045, loss: 0.0103
2026-02-07 09:59:38,971 - mmseg - INFO - Exp name: segnext.tiny.560x560_crack_160k.py
2026-02-07 09:59:38,972 - mmseg - INFO - Iter [274000/322000]	lr: 9.404e-05, eta: 5:56:58, time: 0.455, data_time: 0.004, memory: 10267, decode.loss_ce: 0.0066, decode.loss_focal: 0.0038, decode.acc_seg: 99.8017, loss: 0.0104
2026-02-07 10:07:14,350 - mmseg - INFO - Exp name: segnext.tiny.560x560_crack_160k.py
2026-02-07 10:07:14,350 - mmseg - INFO - Iter [275000/322000]	lr: 9.416e-05, eta: 5:49:33, time: 0.455, data_time: 0.004, memory: 10267, decode.loss_ce: 0.0064, decode.loss_focal: 0.0037, decode.acc_seg: 99.8057, loss: 0.0101
2026-02-07 10:14:49,681 - mmseg - INFO - Exp name: segnext.tiny.560x560_crack_160k.py
2026-02-07 10:14:49,681 - mmseg - INFO - Iter [276000/322000]	lr: 9.429e-05, eta: 5:42:08, time: 0.455, data_time: 0.004, memory: 10267, decode.loss_ce: 0.0063, decode.loss_focal: 0.0037, decode.acc_seg: 99.8087, loss: 0.0100
2026-02-07 10:22:24,985 - mmseg - INFO - Exp name: segnext.tiny.560x560_crack_160k.py
2026-02-07 10:22:24,985 - mmseg - INFO - Iter [277000/322000]	lr: 9.441e-05, eta: 5:34:44, time: 0.455, data_time: 0.004, memory: 10267, decode.loss_ce: 0.0066, decode.loss_focal: 0.0039, decode.acc_seg: 99.8016, loss: 0.0105
2026-02-07 10:30:00,267 - mmseg - INFO - Exp name: segnext.tiny.560x560_crack_160k.py
2026-02-07 10:30:00,267 - mmseg - INFO - Iter [278000/322000]	lr: 9.453e-05, eta: 5:27:19, time: 0.455, data_time: 0.004, memory: 10267, decode.loss_ce: 0.0065, decode.loss_focal: 0.0038, decode.acc_seg: 99.8041, loss: 0.0102
2026-02-07 10:37:35,559 - mmseg - INFO - Exp name: segnext.tiny.560x560_crack_160k.py
2026-02-07 10:37:35,560 - mmseg - INFO - Iter [279000/322000]	lr: 9.466e-05, eta: 5:19:54, time: 0.455, data_time: 0.004, memory: 10267, decode.loss_ce: 0.0065, decode.loss_focal: 0.0038, decode.acc_seg: 99.8036, loss: 0.0103
2026-02-07 10:45:11,327 - mmseg - INFO - Exp name: segnext.tiny.560x560_crack_160k.py
2026-02-07 10:45:11,327 - mmseg - INFO - Iter [280000/322000]	lr: 9.478e-05, eta: 5:12:29, time: 0.456, data_time: 0.004, memory: 10267, decode.loss_ce: 0.0064, decode.loss_focal: 0.0037, decode.acc_seg: 99.8070, loss: 0.0101
2026-02-07 10:52:48,143 - mmseg - INFO - Exp name: segnext.tiny.560x560_crack_160k.py
2026-02-07 10:52:48,143 - mmseg - INFO - Iter [281000/322000]	lr: 9.491e-05, eta: 5:05:04, time: 0.457, data_time: 0.005, memory: 10267, decode.loss_ce: 0.0063, decode.loss_focal: 0.0036, decode.acc_seg: 99.8099, loss: 0.0099
2026-02-07 11:00:24,982 - mmseg - INFO - Exp name: segnext.tiny.560x560_crack_160k.py
2026-02-07 11:00:24,982 - mmseg - INFO - Iter [282000/322000]	lr: 9.503e-05, eta: 4:57:39, time: 0.457, data_time: 0.005, memory: 10267, decode.loss_ce: 0.0065, decode.loss_focal: 0.0038, decode.acc_seg: 99.8032, loss: 0.0103
2026-02-07 11:08:01,693 - mmseg - INFO - Exp name: segnext.tiny.560x560_crack_160k.py
2026-02-07 11:08:01,693 - mmseg - INFO - Iter [283000/322000]	lr: 9.516e-05, eta: 4:50:14, time: 0.457, data_time: 0.004, memory: 10267, decode.loss_ce: 0.0066, decode.loss_focal: 0.0038, decode.acc_seg: 99.8023, loss: 0.0104
2026-02-07 11:15:38,479 - mmseg - INFO - Exp name: segnext.tiny.560x560_crack_160k.py
2026-02-07 11:15:38,479 - mmseg - INFO - Iter [284000/322000]	lr: 9.528e-05, eta: 4:42:49, time: 0.457, data_time: 0.004, memory: 10267, decode.loss_ce: 0.0063, decode.loss_focal: 0.0037, decode.acc_seg: 99.8085, loss: 0.0100
2026-02-07 11:23:15,301 - mmseg - INFO - Saving checkpoint at 285000 iterations
2026-02-07 11:23:15,378 - mmseg - INFO - Exp name: segnext.tiny.560x560_crack_160k.py
2026-02-07 11:23:15,378 - mmseg - INFO - Iter [285000/322000]	lr: 9.540e-05, eta: 4:35:24, time: 0.457, data_time: 0.004, memory: 10267, decode.loss_ce: 0.0063, decode.loss_focal: 0.0036, decode.acc_seg: 99.8100, loss: 0.0099
2026-02-07 11:30:53,044 - mmseg - INFO - Exp name: segnext.tiny.560x560_crack_160k.py
2026-02-07 11:30:53,044 - mmseg - INFO - Iter [286000/322000]	lr: 9.553e-05, eta: 4:27:58, time: 0.458, data_time: 0.007, memory: 10267, decode.loss_ce: 0.0062, decode.loss_focal: 0.0036, decode.acc_seg: 99.8130, loss: 0.0097
2026-02-07 11:38:29,777 - mmseg - INFO - Exp name: segnext.tiny.560x560_crack_160k.py
2026-02-07 11:38:29,777 - mmseg - INFO - Iter [287000/322000]	lr: 9.565e-05, eta: 4:20:33, time: 0.457, data_time: 0.004, memory: 10267, decode.loss_ce: 0.0064, decode.loss_focal: 0.0038, decode.acc_seg: 99.8058, loss: 0.0102
2026-02-07 11:46:06,478 - mmseg - INFO - Exp name: segnext.tiny.560x560_crack_160k.py
2026-02-07 11:46:06,478 - mmseg - INFO - Iter [288000/322000]	lr: 9.578e-05, eta: 4:13:07, time: 0.457, data_time: 0.005, memory: 10267, decode.loss_ce: 0.0064, decode.loss_focal: 0.0037, decode.acc_seg: 99.8069, loss: 0.0100
2026-02-07 11:53:43,160 - mmseg - INFO - Exp name: segnext.tiny.560x560_crack_160k.py
2026-02-07 11:53:43,160 - mmseg - INFO - Iter [289000/322000]	lr: 9.590e-05, eta: 4:05:42, time: 0.457, data_time: 0.004, memory: 10267, decode.loss_ce: 0.0063, decode.loss_focal: 0.0037, decode.acc_seg: 99.8083, loss: 0.0100
2026-02-07 12:01:19,730 - mmseg - INFO - Exp name: segnext.tiny.560x560_crack_160k.py
2026-02-07 12:01:19,730 - mmseg - INFO - Iter [290000/322000]	lr: 9.602e-05, eta: 3:58:16, time: 0.457, data_time: 0.005, memory: 10267, decode.loss_ce: 0.0063, decode.loss_focal: 0.0036, decode.acc_seg: 99.8088, loss: 0.0099
2026-02-07 12:08:55,516 - mmseg - INFO - Exp name: segnext.tiny.560x560_crack_160k.py
2026-02-07 12:08:55,516 - mmseg - INFO - Iter [291000/322000]	lr: 9.615e-05, eta: 3:50:50, time: 0.456, data_time: 0.004, memory: 10267, decode.loss_ce: 0.0063, decode.loss_focal: 0.0037, decode.acc_seg: 99.8103, loss: 0.0099
2026-02-07 12:16:31,987 - mmseg - INFO - Exp name: segnext.tiny.560x560_crack_160k.py
2026-02-07 12:16:31,987 - mmseg - INFO - Iter [292000/322000]	lr: 9.627e-05, eta: 3:43:25, time: 0.456, data_time: 0.004, memory: 10267, decode.loss_ce: 0.0064, decode.loss_focal: 0.0037, decode.acc_seg: 99.8057, loss: 0.0102
2026-02-07 12:24:08,478 - mmseg - INFO - Exp name: segnext.tiny.560x560_crack_160k.py
2026-02-07 12:24:08,478 - mmseg - INFO - Iter [293000/322000]	lr: 9.640e-05, eta: 3:35:59, time: 0.456, data_time: 0.004, memory: 10267, decode.loss_ce: 0.0063, decode.loss_focal: 0.0036, decode.acc_seg: 99.8096, loss: 0.0099
2026-02-07 12:31:44,885 - mmseg - INFO - Exp name: segnext.tiny.560x560_crack_160k.py
2026-02-07 12:31:44,885 - mmseg - INFO - Iter [294000/322000]	lr: 9.652e-05, eta: 3:28:33, time: 0.456, data_time: 0.004, memory: 10267, decode.loss_ce: 0.0061, decode.loss_focal: 0.0036, decode.acc_seg: 99.8140, loss: 0.0097
2026-02-07 12:39:21,404 - mmseg - INFO - Exp name: segnext.tiny.560x560_crack_160k.py
2026-02-07 12:39:21,404 - mmseg - INFO - Iter [295000/322000]	lr: 9.665e-05, eta: 3:21:07, time: 0.457, data_time: 0.004, memory: 10267, decode.loss_ce: 0.0062, decode.loss_focal: 0.0036, decode.acc_seg: 99.8111, loss: 0.0098
2026-02-07 12:46:57,895 - mmseg - INFO - Exp name: segnext.tiny.560x560_crack_160k.py
2026-02-07 12:46:57,895 - mmseg - INFO - Iter [296000/322000]	lr: 9.677e-05, eta: 3:13:41, time: 0.456, data_time: 0.004, memory: 10267, decode.loss_ce: 0.0064, decode.loss_focal: 0.0037, decode.acc_seg: 99.8062, loss: 0.0101
2026-02-07 12:54:34,417 - mmseg - INFO - Exp name: segnext.tiny.560x560_crack_160k.py
2026-02-07 12:54:34,417 - mmseg - INFO - Iter [297000/322000]	lr: 9.689e-05, eta: 3:06:14, time: 0.457, data_time: 0.004, memory: 10267, decode.loss_ce: 0.0063, decode.loss_focal: 0.0036, decode.acc_seg: 99.8096, loss: 0.0099
2026-02-07 13:02:10,936 - mmseg - INFO - Exp name: segnext.tiny.560x560_crack_160k.py
2026-02-07 13:02:10,936 - mmseg - INFO - Iter [298000/322000]	lr: 9.702e-05, eta: 2:58:48, time: 0.457, data_time: 0.004, memory: 10267, decode.loss_ce: 0.0062, decode.loss_focal: 0.0036, decode.acc_seg: 99.8096, loss: 0.0099
2026-02-07 13:09:47,412 - mmseg - INFO - Exp name: segnext.tiny.560x560_crack_160k.py
2026-02-07 13:09:47,412 - mmseg - INFO - Iter [299000/322000]	lr: 9.714e-05, eta: 2:51:22, time: 0.456, data_time: 0.005, memory: 10267, decode.loss_ce: 0.0063, decode.loss_focal: 0.0037, decode.acc_seg: 99.8084, loss: 0.0100
2026-02-07 13:17:23,940 - mmseg - INFO - Saving checkpoint at 300000 iterations
2026-02-07 13:17:24,019 - mmseg - INFO - Exp name: segnext.tiny.560x560_crack_160k.py
2026-02-07 13:17:24,019 - mmseg - INFO - Iter [300000/322000]	lr: 9.727e-05, eta: 2:43:56, time: 0.457, data_time: 0.005, memory: 10267, decode.loss_ce: 0.0062, decode.loss_focal: 0.0036, decode.acc_seg: 99.8113, loss: 0.0098
2026-02-07 13:25:00,076 - mmseg - INFO - Exp name: segnext.tiny.560x560_crack_160k.py
2026-02-07 13:25:00,076 - mmseg - INFO - Iter [301000/322000]	lr: 9.739e-05, eta: 2:36:29, time: 0.456, data_time: 0.004, memory: 10267, decode.loss_ce: 0.0063, decode.loss_focal: 0.0037, decode.acc_seg: 99.8087, loss: 0.0100
2026-02-07 13:32:38,157 - mmseg - INFO - Exp name: segnext.tiny.560x560_crack_160k.py
2026-02-07 13:32:38,157 - mmseg - INFO - Iter [302000/322000]	lr: 9.752e-05, eta: 2:29:03, time: 0.458, data_time: 0.007, memory: 10267, decode.loss_ce: 0.0063, decode.loss_focal: 0.0036, decode.acc_seg: 99.8085, loss: 0.0099
2026-02-07 13:40:14,165 - mmseg - INFO - Exp name: segnext.tiny.560x560_crack_160k.py
2026-02-07 13:40:14,165 - mmseg - INFO - Iter [303000/322000]	lr: 9.764e-05, eta: 2:21:36, time: 0.456, data_time: 0.004, memory: 10267, decode.loss_ce: 0.0062, decode.loss_focal: 0.0036, decode.acc_seg: 99.8112, loss: 0.0098
2026-02-07 13:47:50,238 - mmseg - INFO - Exp name: segnext.tiny.560x560_crack_160k.py
2026-02-07 13:47:50,238 - mmseg - INFO - Iter [304000/322000]	lr: 9.776e-05, eta: 2:14:09, time: 0.456, data_time: 0.004, memory: 10267, decode.loss_ce: 0.0062, decode.loss_focal: 0.0036, decode.acc_seg: 99.8117, loss: 0.0098
2026-02-07 13:55:26,389 - mmseg - INFO - Exp name: segnext.tiny.560x560_crack_160k.py
2026-02-07 13:55:26,389 - mmseg - INFO - Iter [305000/322000]	lr: 9.789e-05, eta: 2:06:43, time: 0.456, data_time: 0.004, memory: 10267, decode.loss_ce: 0.0062, decode.loss_focal: 0.0036, decode.acc_seg: 99.8123, loss: 0.0097
2026-02-07 14:03:02,364 - mmseg - INFO - Exp name: segnext.tiny.560x560_crack_160k.py
2026-02-07 14:03:02,364 - mmseg - INFO - Iter [306000/322000]	lr: 9.801e-05, eta: 1:59:16, time: 0.456, data_time: 0.004, memory: 10267, decode.loss_ce: 0.0062, decode.loss_focal: 0.0036, decode.acc_seg: 99.8116, loss: 0.0098
2026-02-07 14:10:27,720 - mmseg - INFO - Exp name: segnext.tiny.560x560_crack_160k.py
2026-02-07 14:10:27,721 - mmseg - INFO - Iter [307000/322000]	lr: 9.814e-05, eta: 1:51:49, time: 0.445, data_time: 0.004, memory: 10267, decode.loss_ce: 0.0061, decode.loss_focal: 0.0035, decode.acc_seg: 99.8136, loss: 0.0096
2026-02-07 14:17:50,214 - mmseg - INFO - Exp name: segnext.tiny.560x560_crack_160k.py
2026-02-07 14:17:50,214 - mmseg - INFO - Iter [308000/322000]	lr: 9.826e-05, eta: 1:44:21, time: 0.442, data_time: 0.004, memory: 10267, decode.loss_ce: 0.0062, decode.loss_focal: 0.0036, decode.acc_seg: 99.8108, loss: 0.0099
2026-02-07 14:25:12,768 - mmseg - INFO - Exp name: segnext.tiny.560x560_crack_160k.py
2026-02-07 14:25:12,768 - mmseg - INFO - Iter [309000/322000]	lr: 9.838e-05, eta: 1:36:54, time: 0.443, data_time: 0.005, memory: 10267, decode.loss_ce: 0.0062, decode.loss_focal: 0.0036, decode.acc_seg: 99.8117, loss: 0.0098
2026-02-07 14:32:42,504 - mmseg - INFO - Exp name: segnext.tiny.560x560_crack_160k.py
2026-02-07 14:32:42,504 - mmseg - INFO - Iter [310000/322000]	lr: 9.851e-05, eta: 1:29:26, time: 0.450, data_time: 0.004, memory: 10267, decode.loss_ce: 0.0062, decode.loss_focal: 0.0036, decode.acc_seg: 99.8123, loss: 0.0098
2026-02-07 14:40:18,344 - mmseg - INFO - Exp name: segnext.tiny.560x560_crack_160k.py
2026-02-07 14:40:18,344 - mmseg - INFO - Iter [311000/322000]	lr: 9.863e-05, eta: 1:22:00, time: 0.456, data_time: 0.004, memory: 10267, decode.loss_ce: 0.0063, decode.loss_focal: 0.0036, decode.acc_seg: 99.8093, loss: 0.0099
2026-02-07 14:47:54,282 - mmseg - INFO - Exp name: segnext.tiny.560x560_crack_160k.py
2026-02-07 14:47:54,282 - mmseg - INFO - Iter [312000/322000]	lr: 9.876e-05, eta: 1:14:33, time: 0.456, data_time: 0.004, memory: 10267, decode.loss_ce: 0.0063, decode.loss_focal: 0.0036, decode.acc_seg: 99.8092, loss: 0.0099
2026-02-07 14:55:30,220 - mmseg - INFO - Exp name: segnext.tiny.560x560_crack_160k.py
2026-02-07 14:55:30,220 - mmseg - INFO - Iter [313000/322000]	lr: 9.888e-05, eta: 1:07:05, time: 0.456, data_time: 0.004, memory: 10267, decode.loss_ce: 0.0062, decode.loss_focal: 0.0036, decode.acc_seg: 99.8125, loss: 0.0097
2026-02-07 15:03:06,116 - mmseg - INFO - Exp name: segnext.tiny.560x560_crack_160k.py
2026-02-07 15:03:06,116 - mmseg - INFO - Iter [314000/322000]	lr: 9.901e-05, eta: 0:59:38, time: 0.456, data_time: 0.004, memory: 10267, decode.loss_ce: 0.0063, decode.loss_focal: 0.0036, decode.acc_seg: 99.8097, loss: 0.0099
2026-02-07 15:10:41,933 - mmseg - INFO - Saving checkpoint at 315000 iterations
2026-02-07 15:10:42,010 - mmseg - INFO - Exp name: segnext.tiny.560x560_crack_160k.py
2026-02-07 15:10:42,010 - mmseg - INFO - Iter [315000/322000]	lr: 9.913e-05, eta: 0:52:11, time: 0.456, data_time: 0.004, memory: 10267, decode.loss_ce: 0.0063, decode.loss_focal: 0.0036, decode.acc_seg: 99.8097, loss: 0.0099
2026-02-07 15:18:17,909 - mmseg - INFO - Exp name: segnext.tiny.560x560_crack_160k.py
2026-02-07 15:18:17,909 - mmseg - INFO - Iter [316000/322000]	lr: 9.925e-05, eta: 0:44:44, time: 0.456, data_time: 0.004, memory: 10267, decode.loss_ce: 0.0061, decode.loss_focal: 0.0035, decode.acc_seg: 99.8151, loss: 0.0096
2026-02-07 15:25:53,845 - mmseg - INFO - Exp name: segnext.tiny.560x560_crack_160k.py
2026-02-07 15:25:53,845 - mmseg - INFO - Iter [317000/322000]	lr: 9.938e-05, eta: 0:37:17, time: 0.456, data_time: 0.004, memory: 10267, decode.loss_ce: 0.0062, decode.loss_focal: 0.0036, decode.acc_seg: 99.8119, loss: 0.0097
2026-02-07 15:33:31,951 - mmseg - INFO - Exp name: segnext.tiny.560x560_crack_160k.py
2026-02-07 15:33:31,951 - mmseg - INFO - Iter [318000/322000]	lr: 9.950e-05, eta: 0:29:49, time: 0.458, data_time: 0.007, memory: 10267, decode.loss_ce: 0.0061, decode.loss_focal: 0.0035, decode.acc_seg: 99.8155, loss: 0.0096
2026-02-07 15:40:57,266 - mmseg - INFO - Exp name: segnext.tiny.560x560_crack_160k.py
2026-02-07 15:40:57,266 - mmseg - INFO - Iter [319000/322000]	lr: 9.963e-05, eta: 0:22:22, time: 0.445, data_time: 0.005, memory: 10267, decode.loss_ce: 0.0060, decode.loss_focal: 0.0035, decode.acc_seg: 99.8167, loss: 0.0095
2026-02-07 15:48:20,206 - mmseg - INFO - Exp name: segnext.tiny.560x560_crack_160k.py
2026-02-07 15:48:20,206 - mmseg - INFO - Iter [320000/322000]	lr: 9.975e-05, eta: 0:14:54, time: 0.443, data_time: 0.005, memory: 10267, decode.loss_ce: 0.0060, decode.loss_focal: 0.0035, decode.acc_seg: 99.8176, loss: 0.0094
2026-02-07 15:55:43,182 - mmseg - INFO - Exp name: segnext.tiny.560x560_crack_160k.py
2026-02-07 15:55:43,182 - mmseg - INFO - Iter [321000/322000]	lr: 9.988e-05, eta: 0:07:27, time: 0.443, data_time: 0.005, memory: 10267, decode.loss_ce: 0.0063, decode.loss_focal: 0.0036, decode.acc_seg: 99.8085, loss: 0.0099
2026-02-07 16:03:10,899 - mmseg - INFO - Saving checkpoint at 322000 iterations
2026-02-07 16:03:10,976 - mmseg - INFO - Exp name: segnext.tiny.560x560_crack_160k.py
2026-02-07 16:03:10,976 - mmseg - INFO - Iter [322000/322000]	lr: 1.000e-04, eta: 0:00:00, time: 0.448, data_time: 0.005, memory: 10267, decode.loss_ce: 0.0063, decode.loss_focal: 0.0037, decode.acc_seg: 99.8103, loss: 0.0100
